id,number,begin,end,created,modified,severity,service_name,status_impact,external_desc,affected_products,affected_regions,source,name,status,impact,created_at,updated_at,resolved_at,started_at,affected_components,shortlink,duration_minutes,severity_load,incident_time,time_since_last,failure_rate_proxy,duration_load,log_failure_rate_proxy
mx1wvlvbw23y,,,,,,,,,,,,atlassian,Jira Imports are Failing,resolved,major,2019-05-07T07:30:37.229Z,2019-05-07T13:17:04.889Z,2019-05-07T09:45:37.229Z,2019-05-07T09:45:37.229Z,,http://stspg.io/06e0ed12a,0.0,0.7,2019-05-07 09:45:37.229000+00:00,24.0,0.0416666666666666,0.0695322407169597,-3.178053830347947
dgsyrnqfr2r0,,,,,,,,,,,,atlassian,Jira Users Receiving HTTP 500 Errors,resolved,major,2019-05-10T14:10:29.132Z,2019-05-10T14:37:03.799Z,2019-05-10T14:37:03.785Z,2019-05-10T14:10:29.123Z,,http://stspg.io/cb7cd57ba,26.5777,0.7,2019-05-10 14:10:29.123000+00:00,76.41441499999999,0.0130865360940079,0.3327416870309807,-4.33617135638549
3p4zfxggg0vv,,,,,,,,,,,,atlassian,Atlassian Cloud users experiencing outages,resolved,critical,2019-05-14T08:57:38.614Z,2019-05-14T11:04:20.429Z,2019-05-14T11:04:20.413Z,2019-05-14T08:57:38.605Z,,http://stspg.io/9c0c8c681,126.6968,0.9,2019-05-14 08:57:38.605000+00:00,90.78596722222224,0.011014918170693,0.4864877847858252,-4.508504727653019
7tmh679kh794,,,,,,,,,,,,atlassian,Jira sidebar colour is not changing base on configuration,resolved,none,2019-05-21T09:53:42.330Z,2019-05-21T09:53:42.393Z,2019-05-21T09:53:42.382Z,2019-05-21T09:53:42.325Z,,http://stspg.io/60b483de7,0.00095,0.2,2019-05-21 09:53:42.325000+00:00,168.93436666666665,0.005919458661559,0.0695322407169597,-5.129510276571548
sqq15l5bd34s,,,,,,,,,,,,atlassian,Atlassian Cloud email notifications issue,resolved,major,2019-06-19T12:00:14.371Z,2019-06-20T12:39:11.041Z,2019-06-20T12:39:11.020Z,2019-06-19T12:00:14.359Z,,http://stspg.io/d5b25c71b,1478.94435,0.7,2019-06-19 12:00:14.359000+00:00,698.1088983333333,0.001432441274402,0.7322667787886815,-6.548375105397555
w81fyrpz5qcl,,,,,,,,,,,,atlassian,App switcher not loading in Jira and Confluence for some customers,resolved,major,2019-07-01T09:03:21.600Z,2019-07-01T11:03:40.334Z,2019-07-01T11:03:40.319Z,2019-07-01T09:03:21.590Z,,http://stspg.io/d2bfd779a,120.31215,0.7,2019-07-01 09:03:21.590000+00:00,285.0520086111111,0.0035081317436505,0.4813425156560607,-5.652671649974843
gzrclxcqvdsp,,,,,,,,,,,,atlassian,"Increased error rate in US East for Atlassian Jira, Confluence and Access customers",resolved,none,2019-07-15T15:42:29.613Z,2019-07-15T17:08:58.840Z,2019-07-15T17:08:58.823Z,2019-07-15T15:42:29.605Z,,http://stspg.io/85a9f9caa,86.48696666666666,0.2,2019-07-15 15:42:29.605000+00:00,342.65222638888883,0.0029184109221723,0.4485522208487559,-5.836716015570603
dd0svkqq6dwg,,,,,,,,,,,,atlassian,Issues displaying avatars,resolved,none,2019-09-10T10:05:23.447Z,2019-09-10T11:45:48.631Z,2019-09-10T11:45:48.611Z,2019-09-10T10:05:23.441Z,,http://stspg.io/3961cf9c1,100.4195,0.2,2019-09-10 10:05:23.441000+00:00,1362.3816211111111,0.0013888888888888,0.4633761506514228,-6.579251212010165
skl1wrm8z4yd,,,,,,,,,,,,atlassian,Major outage affecting all purchasing systems,resolved,none,2019-09-30T17:40:32.830Z,2019-09-30T19:37:26.881Z,2019-09-30T19:37:26.857Z,2019-09-30T17:40:32.821Z,,http://stspg.io/91e56f832,116.9006,0.2,2019-09-30 17:40:32.821000+00:00,487.5859388888889,0.0020509205049653,0.4784810560255554,-6.18946655980185
kw28xr3wyxmq,,,,,,,,,,,,atlassian,Intermittent DNS Resolution Errors,resolved,none,2019-10-22T22:32:42.112Z,2019-10-23T04:02:08.523Z,2019-10-23T04:02:08.499Z,2019-10-22T22:32:42.106Z,,http://stspg.io/e1be96263,329.43988333333334,0.2,2019-10-22 22:32:42.106000+00:00,532.8692458333334,0.0018766329785764,0.5818627573691505,-6.2782760766847785
85fh4cc7749r,,,,,,,,,,,,atlassian,Increased latency in user searches,resolved,none,2020-01-22T22:19:48.395Z,2020-01-22T23:11:44.166Z,2020-01-22T23:11:44.151Z,2020-01-22T22:19:48.388Z,,http://stspg.io/c641pfy1nrg6,51.92938333333333,0.2,2020-01-22 22:19:48.388000+00:00,2207.7850783333333,0.0013888888888888,0.398141397610604,-6.579251212010165
wkg98r6wc1b5,,,,,,,,,,,,atlassian,Login / Signup with Microsoft not working,resolved,major,2020-09-28T23:39:35.045Z,2020-09-29T01:03:24.715Z,2020-09-29T01:03:24.701Z,2020-09-28T23:39:35.039Z,,http://stspg.io/n55q9mvx3w62,83.82770000000001,0.7,2020-09-28 23:39:35.039000+00:00,6001.329625277778,0.0013888888888888,0.4454557650369334,-6.579251212010165
r021q1l6nr1r,,,,,,,,,,,,atlassian,User Management Syncs are affected across all products,resolved,none,2021-02-12T02:28:07.620Z,2021-02-12T03:13:32.654Z,2021-02-12T03:13:32.641Z,2021-02-12T02:28:07.614Z,,https://stspg.io/tlr74xv5fd4g,45.417116666666665,0.2,2021-02-12 02:28:07.614000+00:00,3266.809048611111,0.0013888888888888,0.3849711611911345,-6.579251212010165
yz4mkc6j501q,,,,,,,,,,,,atlassian,Atlassian account session invalidations,resolved,none,2021-04-19T04:32:10.845Z,2021-04-30T01:34:05.150Z,2021-04-30T01:34:05.130Z,2021-04-19T04:32:10.838Z,,https://stspg.io/ql9jsw73ndfh,15661.904866666668,0.2,2021-04-19 04:32:10.838000+00:00,1586.0675622222225,0.0013888888888888,0.968936237071298,-6.579251212010165
wpphfps5ffpj,,,,,,,,,,,,atlassian,Partial app outage across multiple regions,resolved,none,2022-06-22T03:17:07.004Z,2022-06-22T03:33:33.027Z,2022-06-22T03:33:33.007Z,2022-06-22T03:17:06.995Z,,https://stspg.io/g9syxmx696d8,16.433533333333333,0.2,2022-06-22 03:17:06.995000+00:00,10294.7489325,0.0013888888888888,0.2867365739077707,-6.579251212010165
fthwx4svyskf,,,,,,,,,,,,atlassian,Sign-up is failing,resolved,none,2022-08-05T06:41:46.349Z,2022-08-05T06:41:46.399Z,2022-08-05T06:41:46.390Z,2022-08-05T06:41:46.345Z,,https://stspg.io/vfl8l062168l,0.00075,0.2,2022-08-05 06:41:46.345000+00:00,1059.4109305555555,0.0013888888888888,0.0695322407169597,-6.579251212010165
pzh5b8cvfk2g,,,,,,,,,,,,atlassian,Performance issues and outages with Cloud products,postmortem,none,2023-07-06T11:18:50.943Z,2023-07-14T04:57:07.262Z,2023-07-06T15:37:19.645Z,2023-07-06T11:18:50.937Z,,https://stspg.io/y73s93jsl9d7,258.4784666666667,0.2,2023-07-06 11:18:50.937000+00:00,8044.617942222222,0.0013888888888888,0.5576117885805848,-6.579251212010165
vk4mksp2hvj8,,,,,,,,,,,,atlassian,"Sign-ups, Product Activation, and Billing not working",resolved,none,2023-08-02T14:25:40.168Z,2023-08-02T15:59:20.040Z,2023-08-02T15:59:20.026Z,2023-08-02T14:25:40.161Z,,https://stspg.io/xq6c1zxx042m,93.66441666666668,0.2,2023-08-02 14:25:40.161000+00:00,651.1136733333333,0.0015358301337469,0.4564618001206301,-6.478684240380711
4jkh49j0jjh6,,,,,,,,,,,,atlassian,Infrastructure outage affecting attachments and Bitbucket Pipelines in all regions,resolved,none,2023-09-15T04:02:24.314Z,2023-09-15T05:19:25.636Z,2023-09-15T05:19:25.622Z,2023-09-15T04:02:24.307Z,,https://stspg.io/s2kkn9vx51tc,77.02191666666666,0.2,2023-09-15 04:02:24.307000+00:00,1045.612262777778,0.0013888888888888,0.4370662825939609,-6.579251212010165
lgl84rzhxd0d,,,,,,,,,,,,atlassian,We are experiencing intermittent issues on Atlassian.com and Bitbucket Marketing pages,resolved,none,2023-09-29T16:26:31.000Z,2023-09-29T20:27:18.170Z,2023-09-29T20:27:18.153Z,2023-09-29T16:26:31.000Z,,https://stspg.io/7nk14plf0xcd,240.7858833333333,0.2,,348.40185916666667,0.0028702487477876,0.5505275099091355,-5.853356581263386
b2lqb2yxry16,,,,,,,,,,,,atlassian,"For a limited number of customers, activation for new products on some tenants is blocked",resolved,none,2023-10-04T14:28:06.493Z,2023-10-04T17:20:32.563Z,2023-10-04T17:20:32.547Z,2023-10-04T14:28:06.487Z,,https://stspg.io/9q0x4gy5g22l,172.4343333333333,0.2,2023-10-04 14:28:06.487000+00:00,118.02652416666668,0.0084726717749299,0.5171978915523741,-4.770909380279632
3sf6vg9v8nqm,,,,,,,,,,,,atlassian,Email domain unverified,resolved,major,2023-10-24T00:22:32.906Z,2023-10-24T10:00:52.069Z,2023-10-24T10:00:52.049Z,2023-10-24T00:22:32.900Z,,https://stspg.io/xlcrsntd8s3p,578.3191499999999,0.7,2023-10-24 00:22:32.900000+00:00,465.9073369444444,0.0021463495435772,0.6381818231202299,-6.1439867665941295
httczs7wslz8,,,,,,,,,,,,atlassian,Org admins unable to access User Management,resolved,none,2023-11-22T04:27:42.585Z,2023-11-22T04:27:42.630Z,2023-11-22T04:27:42.621Z,2023-11-22T04:27:42.581Z,,https://stspg.io/27c3y3x0cfz8,0.0006666666666666,0.2,2023-11-22 04:27:42.581000+00:00,700.0860225,0.0014283958940202,0.0695322407169597,-6.551203216778916
lvq7pq0zbgvr,,,,,,,,,,,,atlassian,Atlassian's cross product user search service is currently degraded.,postmortem,none,2023-12-18T15:04:25.450Z,2023-12-28T03:12:31.390Z,2023-12-19T03:28:15.244Z,2023-12-18T15:04:25.444Z,,https://stspg.io/3yxq4k25m6sr,743.83,0.2,2023-12-18 15:04:25.444000+00:00,634.6119063888889,0.0015757662122828,0.6633909335485786,-6.453013641010433
71sdcbz9gy53,,,,,,,,,,,,atlassian,Delayed SCIM provisioning syncs of users and groups from Identity Providers,resolved,none,2024-01-09T22:03:34.293Z,2024-01-12T17:13:28.854Z,2024-01-12T17:13:28.840Z,2024-01-09T22:03:34.285Z,,https://stspg.io/trcvys1bxjkn,4029.90925,0.2,2024-01-09 22:03:34.285000+00:00,534.9857891666667,0.0018692085289922,0.8327799698772482,-6.2822401842379705
vnzwx0460yt8,,,,,,,,,,,,statuspage,Entity Data Delayed for US/EU Region,resolved,minor,2024-01-24T13:36:49.250Z,2024-01-24T14:42:46.032Z,2024-01-24T14:42:46.015Z,2024-01-24T13:36:49.238Z,"Event API : US, Event API : Europe",,65.94628333333334,0.4,2024-01-24 13:36:49.238000+00:00,351.55415361111113,0.0028445119755467,0.4217083158130042,-5.862363763711525
8yf6bsryqw5p,,,,,,,,,,,,statuspage,Login and UI Irregularities in US Region,resolved,minor,2024-01-30T16:17:44.458Z,2024-01-30T17:15:09.543Z,2024-01-30T17:15:09.528Z,2024-01-30T16:17:44.451Z,"Alerts : US, APM : US, Auto-Telemetry with Pixie : US, AWS Lambda Integration : US, Browser : US, Dashboards : US, Incident Intelligence : US, Infrastructure : US, Infrastructure Integrations : US, Logs : US, Lookout : US, Mobile : US, Open Instrumentation : US, Proactive Detection : US, Serverless : US, Synthetics : US",,57.417950000000005,0.4,2024-01-30 16:17:44.451000+00:00,146.6820036111111,0.0068174689149409,0.4080388174567617,-4.988267002852886
5187qzxv1zvg,,,,,,,,,,,,atlassian,User searches failing,resolved,none,2024-02-07T16:40:28.383Z,2024-02-07T17:44:38.563Z,2024-02-07T17:44:38.545Z,2024-02-07T16:40:28.378Z,,https://stspg.io/nwbhj091jbtg,64.16945,0.2,2024-02-07 16:40:28.378000+00:00,192.37886861111116,0.0051980761048214,0.4190098985933921,-5.259466701696222
cwclx9t8ysdv,,,,,,,,,,,,statuspage,New Relic UI Irregularities in US Region,resolved,major,2024-02-13T06:33:00.000Z,2024-03-06T22:06:12.942Z,2024-02-13T07:44:19.596Z,2024-02-13T06:33:00.000Z,"Alerts : US, APM : US, Auto-Telemetry with Pixie : US, AWS Lambda Integration : US, Browser : US, Dashboards : US, Incident Intelligence : US, Infrastructure : US, Infrastructure Integrations : US, Logs : US, Lookout : US, Mobile : US, Open Instrumentation : US, Proactive Detection : US, Serverless : US, Synthetics : US",,71.3266,0.7,,133.87545055555557,0.0074696293894825,0.4294627161008036,-4.8969098942566065
d8ldj5ktl5vd,,,,,,,,,,,,statuspage,Alert Delays in US Region,resolved,minor,2024-02-13T16:17:55.294Z,2024-02-13T18:20:48.619Z,2024-02-13T18:20:48.607Z,2024-02-13T16:17:55.290Z,"APM : US, Browser : US, Infrastructure : US, Logs : US, Mobile : US, NRQL : US, Serverless : US, Synthetics : US",,122.88861666666666,0.4,2024-02-13 16:17:55.290000+00:00,9.748691666666668,0.1025778672864649,0.4834507041956084,-2.2771330879715483
kx8q9p85j737,,,,,,,,,,,,statuspage,New Relic UI Delays and Irregularities in the EU and US Regions,resolved,minor,2024-02-14T18:07:47.047Z,2024-02-14T18:50:10.809Z,2024-02-14T18:50:10.791Z,2024-02-14T18:07:47.042Z,"APM Agent : US, APM Agent : Europe, Alerts : US, Alerts : Europe, APM : US, APM : Europe, Browser Agent : US, Browser Agent : Europe, Event API : US, Event API : Europe, Auto-Telemetry with Pixie : US, Auto-Telemetry with Pixie : Europe, AWS Lambda Integration : US, AWS Lambda Integration : Europe, Incident Intelligence API : US, Incident Intelligence API : Europe, Browser : US, Browser : Europe, Infrastructure Agent : US, Infrastructure Agent : Europe, Dashboards : US, Dashboards : Europe, Log API : US, Log API : Europe, Incident Intelligence : US, Metric API : US, Incident Intelligence : Europe, Metric API : Europe, Infrastructure : US, Infrastructure : Europe, Mobile Agent : US, Mobile Agent : Europe, OTLP API : US, OTLP API : Europe, Infrastructure Integrations : US, Infrastructure Integrations : Europe, Logs : US, Logs : Europe, Trace API : US, Trace API : Europe, Lookout : US, Lookout : Europe, Synthetics : US, Synthetics : Europe, Mobile : US, Mobile : Europe, Open Instrumentation : US, Open Instrumentation : Europe, Proactive Detection : US, Proactive Detection : Europe, Serverless : US, Serverless : Europe, Synthetics : US, Synthetics : Europe",,42.39581666666666,0.4,2024-02-14 18:07:47.042000+00:00,25.83104222222222,0.038713110814387,0.3782195156781735,-3.251576955586122
gg9z8g8xsxc7,,,,,,,,,,,,atlassian,Service Disruptions Affecting Atlassian Products,postmortem,none,2024-02-14T21:57:44.069Z,2024-02-27T05:41:26.778Z,2024-02-14T23:32:18.665Z,2024-02-14T21:57:44.064Z,,https://stspg.io/r4h0jlkc4br7,94.57668333333332,0.2,2024-02-14 21:57:44.064000+00:00,3.832506111111112,0.260925872264319,0.4574238809182579,-1.3435189263121008
x33z8rf4gvt9,,,,,,,,,,,,statuspage,False alarm,resolved,none,2024-02-14T23:41:48.332Z,2024-03-06T21:30:31.886Z,2024-02-14T23:48:32.616Z,2024-02-14T23:41:48.327Z,,,6.73815,0.2,2024-02-14 23:41:48.327000+00:00,1.7345175,0.5765292076903231,0.2052583885305035,-0.5507292767396988
b029vj9vfc6g,,,,,,,,,,,,statuspage,NRQL Query Errors in US Region,resolved,minor,2024-02-23T17:31:50.269Z,2024-03-06T21:31:13.609Z,2024-02-23T17:45:53.000Z,2024-02-23T17:31:50.065Z,"APM Agent : US, Alerts : US, APM : US, Browser Agent : US, Event API : US, Auto-Telemetry with Pixie : US, AWS Lambda Integration : US, Incident Intelligence API : US, Browser : US, Infrastructure Agent : US, Dashboards : US, Log API : US, Incident Intelligence : US, Metric API : US, Infrastructure : US, Mobile Agent : US, OTLP API : US, Infrastructure Integrations : US, Logs : US, Trace API : US, Lookout : US, Synthetics : US, Mobile : US, Open Instrumentation : US, Proactive Detection : US, Serverless : US, Synthetics : US",,14.048916666666663,0.4,2024-02-23 17:31:50.065000+00:00,209.8338161111111,0.0047656760885027,0.2719814596038282,-5.346315865581456
mhkfvg60t6kg,,,,,,,,,,,,statuspage,Alerts UI Irregularities,resolved,minor,2024-03-07T14:51:24.276Z,2024-03-07T22:23:29.279Z,2024-03-07T22:23:29.267Z,2024-03-07T14:51:24.271Z,Alerts : US,,452.08326666666665,0.4,2024-03-07 14:51:24.271000+00:00,309.3261683333333,0.0032328335018923,0.6135269320207769,-5.7343962811343365
8ngbnjcn9jyg,,,,,,,,,,,,statuspage,Delivery of old notifications,resolved,none,2024-03-09T01:47:09.155Z,2024-03-09T09:49:40.410Z,2024-03-09T09:49:39.999Z,2024-03-09T01:47:09.150Z,"Website, Desktop Application, Mobile Application, Paper",,482.51415,0.2,2024-03-09 01:47:09.150000+00:00,34.92913305555555,0.0286293965100558,0.6200477977111145,-3.553321239030505
9dftt10x9wpn,,,,,,,,,,,,statuspage,Dropbox Paper may not be working as expected,resolved,major,2024-03-13T06:55:52.644Z,2024-03-13T16:02:52.222Z,2024-03-13T16:02:52.210Z,2024-03-13T06:55:52.639Z,Paper,,546.9928500000001,0.7,2024-03-13 06:55:52.639000+00:00,101.14541361111112,0.0098867557538975,0.632605247995435,-4.616559220135053
wkg5wqdk5kx8,,,,,,,,,,,,statuspage,Uploading files to Dropbox via email might not be working for some users.,resolved,minor,2024-03-15T03:03:14.944Z,2024-03-15T13:42:36.083Z,2024-03-15T13:42:36.068Z,2024-03-15T03:03:14.940Z,Website,,639.3521333333333,0.4,2024-03-15 03:03:14.940000+00:00,44.12286138888889,0.0226639879763514,0.6482297265605909,-3.7869780469715617
vvgblbqmz4cg,,,,,,,,,,,,statuspage,Dropbox is not working for some users,resolved,minor,2024-03-26T00:37:03.561Z,2024-03-26T01:42:16.392Z,2024-03-26T01:42:15.971Z,2024-03-26T00:37:03.556Z,"Website, Desktop Application, Mobile Application",,65.20691666666667,0.4,2024-03-26 00:37:03.556000+00:00,261.56350444444445,0.0038231633351295,0.4205942688930538,-5.566677100846358
8jwthbcfgsr5,,,,,,,,,,,,statuspage,Text editing features in PDF editor might not be working for some users,resolved,minor,2024-04-08T21:28:18.350Z,2024-04-09T01:21:49.859Z,2024-04-09T01:21:49.842Z,2024-04-08T21:28:18.342Z,"Website, Desktop Application",,233.525,0.4,2024-04-08 21:28:18.342000+00:00,332.85410722222224,0.0030043192446844,0.547468905169902,-5.807704277529641
q9mwhbbkff7y,,,,,,,,,,,,statuspage,Some features are not working as expected,resolved,minor,2024-04-09T17:41:48.480Z,2024-04-09T21:48:28.743Z,2024-04-09T21:48:28.726Z,2024-04-09T17:41:48.474Z,"Website, Desktop Application, Mobile Application",,246.67086666666668,0.4,2024-04-09 17:41:48.474000+00:00,20.225036666666664,0.0494436680872931,0.5529398726040978,-3.006921275880696
fng3whcpsv04,,,,,,,,,,,,statuspage,Enterprise console may not be working as expected,resolved,minor,2024-04-23T18:53:10.379Z,2024-04-23T22:40:16.804Z,2024-04-23T22:40:16.433Z,2024-04-23T18:53:10.374Z,Website,,227.1009833333333,0.4,2024-04-23 18:53:10.374000+00:00,337.18941666666666,0.002965692131994,0.5446828140670451,-5.820644839711882
4j24qkzbqf01,,,,,,,,,,,,statuspage,Dash may not be working as expected,resolved,minor,2024-04-24T01:38:32.957Z,2024-04-24T02:30:57.175Z,2024-04-24T02:30:57.160Z,2024-04-24T01:38:32.951Z,Dash,,52.40348333333333,0.4,2024-04-24 01:38:32.951000+00:00,6.756271388888889,0.1480106322615403,0.3990359300005607,-1.9104711681933608
7sw303g0k0pl,,,,,,,,,,,,statuspage,Shared sub-content may be inaccessible,resolved,minor,2024-04-24T14:40:21.849Z,2024-04-25T18:18:39.365Z,2024-04-25T18:18:39.350Z,2024-04-24T14:40:21.845Z,Website,,1658.29175,0.4,2024-04-24 14:40:21.845000+00:00,13.030248333333333,0.0767445081949704,0.7437413122871199,-2.5672734495378995
fwxx258qmr7b,,,,,,,,,,,,statuspage,Dropbox desktop application may not be working as expected,resolved,minor,2024-04-24T15:30:53.843Z,2024-04-27T01:58:11.448Z,2024-04-27T01:58:11.435Z,2024-04-24T15:30:53.839Z,Desktop Application,,3507.2932666666666,0.4,2024-04-24 15:30:53.839000+00:00,0.8422205555555556,1.187337441960637,0.8188501622228356,0.17171335657571762
gcy31rpylhdm,,,,,,,,,,,,statuspage,Dropbox is not working for some users,resolved,minor,2024-04-25T18:47:31.952Z,2024-04-25T19:13:59.808Z,2024-04-25T19:13:59.796Z,2024-04-25T18:47:32.000Z,"Website, Desktop Application, Paper, Replay",,26.463266666666662,0.4,,27.27726694444444,0.0366605643460064,0.3323245700395151,-3.3060536426354266
rdh07wrx06kc,,,,,,,,,,,,statuspage,Signatures may not be working as expected for new users,resolved,minor,2024-04-26T13:46:52.241Z,2024-04-26T15:10:51.992Z,2024-04-26T15:10:51.972Z,2024-04-26T13:46:52.235Z,Website,,83.99561666666666,0.4,2024-04-26 13:46:52.235000+00:00,18.988954166666662,0.0526621946223561,0.4456541402412851,-2.9438574504622728
lx8txvsgp84k,,,,,,,,,,,,statuspage,Audit logs may not be working as expected,resolved,minor,2024-04-29T03:30:08.928Z,2024-04-29T04:35:55.819Z,2024-04-29T04:35:55.804Z,2024-04-29T03:30:08.923Z,Website,,65.78135,0.4,2024-04-29 03:30:08.923000+00:00,61.72130222222222,0.016201861658712,0.421460871055305,-4.12262912614183
lhynxdl4l96q,,,,,,,,,,,,statuspage,New Relic UI Delays and Irregularities in the EU Region,resolved,major,2024-05-05T18:18:44.702Z,2024-05-05T20:40:34.712Z,2024-05-05T20:40:34.695Z,2024-05-05T18:18:44.698Z,"Alerts : Europe, APM : Europe, Auto-Telemetry with Pixie : Europe, AWS Lambda Integration : Europe, Browser : Europe, Dashboards : Europe, Incident Intelligence : Europe, Infrastructure : Europe, Infrastructure Integrations : Europe, Logs : Europe, Lookout : Europe, Mobile : Europe, Open Instrumentation : Europe, Proactive Detection : Europe, Serverless : Europe, Synthetics : Europe",,141.83328333333333,0.7,2024-05-05 18:18:44.698000+00:00,158.80993750000002,0.0062968351712876,0.4977248781170588,-5.067708125570449
plz0zpnzbfpx,,,,,,,,,,,,statuspage,Single Sign-On (SSO) may not be working as expected,resolved,none,2024-05-13T15:31:17.312Z,2024-05-14T00:14:37.988Z,2024-05-14T00:14:10.294Z,2024-05-13T15:31:17.308Z,Support Services,,522.8831,0.2,2024-05-13 15:31:17.308000+00:00,189.20905833333333,0.0052851592244504,0.6280917609736899,-5.2428525324977935
v96m7m80zzws,,,,,,,,,,,,statuspage,Single Sign-On (SSO) may not be working as expected,resolved,none,2024-05-14T00:19:56.861Z,2024-05-14T00:19:56.924Z,2024-05-14T00:19:56.917Z,2024-05-14T00:19:56.858Z,Website,,0.0009833333333333,0.2,2024-05-14 00:19:56.858000+00:00,8.810986111111111,0.1134946744200343,0.0695322407169597,-2.175999364570913
j8cn2d08s8ly,,,,,,,,,,,,statuspage,Synthetics Irregularities for the EU and US regions,resolved,minor,2024-05-14T12:27:16.700Z,2024-05-14T14:34:06.186Z,2024-05-14T14:34:06.169Z,2024-05-14T12:27:16.697Z,"Synthetics : US, Synthetics : Europe",,126.82453333333332,0.4,2024-05-14 12:27:16.697000+00:00,12.1221775,0.0824934299138913,0.4865880771517353,-2.4950366262201067
p6rsv1fgxhsb,,,,,,,,,,,,statuspage,Dropbox is not working for some users,resolved,minor,2024-05-17T16:38:59.178Z,2024-05-17T19:08:55.011Z,2024-05-17T19:08:54.994Z,2024-05-17T16:38:59.173Z,Website,,149.93035,0.4,2024-05-17 16:38:59.173000+00:00,76.19513222222223,0.0131241979747933,0.5032562194875433,-4.333297579053954
p03j81xfbzjq,,,,,,,,,,,,statuspage,Brief intermittent availability issues,resolved,minor,2024-05-23T10:43:20.572Z,2024-05-23T11:32:02.431Z,2024-05-23T11:32:02.418Z,2024-05-23T10:43:20.566Z,"Website, Desktop Application",,48.69753333333333,0.4,2024-05-23 10:43:20.566000+00:00,138.07260916666667,0.0072425661109431,0.3918212925314005,-4.927779700168699
g9p0hvdq1n1k,,,,,,,,,,,,statuspage,Degraded experience on mobile Android users,resolved,minor,2024-05-24T00:41:25.442Z,2024-06-07T19:40:50.505Z,2024-06-07T19:40:50.489Z,2024-05-24T00:41:25.438Z,Mobile Application,,21299.417516666665,0.4,2024-05-24 00:41:25.438000+00:00,13.96802,0.0715921082587224,0.9997758653698684,-2.636770430940437
hxfmj9qrw6qr,,,,,,,,,,,,statuspage,Dropbox is not working as expected for some users,resolved,minor,2024-05-28T15:46:25.348Z,2024-05-28T17:14:35.575Z,2024-05-28T17:14:35.167Z,2024-05-28T15:46:25.342Z,"Website, Desktop Application, Mobile Application",,88.16375,0.4,2024-05-28 15:46:25.342000+00:00,111.08330666666666,0.0090022527237215,0.450456652313796,-4.710280430330674
rc24b1lgtbr2,,,,,,,,,,,,statuspage,Viewing shared links might not be working for some users,resolved,minor,2024-05-29T15:57:14.731Z,2024-05-29T16:24:11.349Z,2024-05-29T16:24:11.333Z,2024-05-29T15:57:14.727Z,Website,,26.94343333333333,0.4,2024-05-29 15:57:14.727000+00:00,24.18038472222222,0.0413558349665537,0.3340632968693947,-3.185541755821952
cvj5nhhgxghg,,,,,,,,,,,,statuspage,Dropbox is not working as expected for some users,resolved,minor,2024-05-30T18:43:52.794Z,2024-05-30T20:15:30.661Z,2024-05-30T20:15:30.259Z,2024-05-30T18:43:52.790Z,Website,,91.62448333333332,0.4,2024-05-30 18:43:52.790000+00:00,26.77723972222222,0.0373451487298038,0.4542764960731335,-3.2875522625915665
4dh7m57xqhfq,,,,,,,,,,,,atlassian,Some of the www.atlassian.com pages are inaccessible,resolved,none,2024-06-06T01:30:44.228Z,2024-06-06T04:30:02.901Z,2024-06-06T04:30:02.883Z,2024-06-06T01:30:44.222Z,,https://stspg.io/qn6bhjbczv28,179.31101666666666,0.2,2024-06-06 01:30:44.222000+00:00,150.78095333333334,0.0066321374012623,0.5210985126124599,-5.015828143441214
k66lm1nq0vpv,,,,,,,,,,,,statuspage,Alert Delays in the US Region,resolved,minor,2024-06-08T01:44:45.973Z,2024-06-08T02:46:33.696Z,2024-06-08T02:46:33.634Z,2024-06-08T01:44:45.968Z,"APM : US, APM Agent : US, Browser : US, Browser Agent : US, Infrastructure : US, Event API : US, Logs : US, Incident Intelligence API : US, Mobile : US, Infrastructure Agent : US, NRQL : US, Log API : US, Serverless : US, Metric API : US, Synthetics : US, Mobile Agent : US, OTLP API : US, Trace API : US, Synthetics : US",,61.79443333333334,0.4,2024-06-08 01:44:45.968000+00:00,48.23381833333334,0.0207323416340215,0.415285811016349,-3.8760604002055787
qw9qy8ksfzpn,,,,,,,,,,,,statuspage,Enterprise console may not be working as expected,resolved,minor,2024-06-18T14:07:22.001Z,2024-06-18T16:18:06.276Z,2024-06-18T16:18:06.254Z,2024-06-18T14:07:21.996Z,Website,,130.73763333333332,0.4,2024-06-18 14:07:21.996000+00:00,252.3766744444445,0.0039623313137051,0.4896129228157236,-5.530922711358687
flwvpy8ybj6t,,,,,,,,,,,,statuspage,Photos tab in Android app may not be loading as expected,resolved,minor,2024-06-21T18:30:29.000Z,2024-06-25T16:33:34.945Z,2024-06-25T16:33:34.930Z,2024-06-21T18:30:29.000Z,Mobile Application,,5643.0988333333335,0.4,,76.38527888888889,0.0130915277727088,0.8665474645559974,-4.3357899929059895
0xzfcjfbg6qj,,,,,,,,,,,,statuspage,Phone support may not be working as expected for some Team Admins,resolved,minor,2024-06-22T01:47:56.151Z,2024-06-22T05:46:31.180Z,2024-06-22T05:46:31.169Z,2024-06-22T01:47:56.146Z,Support Services,,238.58371666666665,0.4,2024-06-22 01:47:56.146000+00:00,7.290873888888889,0.1371577694580584,0.549609673430741,-1.9866234138551828
j0j3kh2yn2lw,,,,,,,,,,,,statuspage,Brief Service Degradation in All Entities UI,resolved,minor,2024-06-24T18:59:57.993Z,2024-06-24T19:18:36.810Z,2024-06-24T19:15:26.188Z,2024-06-24T18:59:57.988Z,"APM : US, APM : Europe, Browser : US, Browser : Europe, Infrastructure : US, Infrastructure : Europe, Mobile : US, Mobile : Europe, Open Instrumentation : US, Open Instrumentation : Europe, Serverless : US, Serverless : Europe",,15.47,0.4,2024-06-24 18:59:57.988000+00:00,65.20051166666667,0.0153373029511245,0.2810332306906979,-4.177467316550082
2spys43jxslj,,,,,,,,,,,,atlassian,Some products are hard down,resolved,none,2024-07-03T20:51:01.430Z,2024-07-04T03:54:28.921Z,2024-07-04T03:54:28.906Z,2024-07-03T20:51:01.423Z,,https://stspg.io/7h7xnnb9dcq5,423.45805,0.2,2024-07-03 20:51:01.423000+00:00,217.8509541666667,0.0045902943313938,0.6069801771920165,-5.383811132478903
hd261m2q40tj,,,,,,,,,,,,statuspage,Delayed Synthetics check results,resolved,minor,2024-07-06T19:00:24.000Z,2024-07-06T20:36:25.526Z,2024-07-06T20:34:49.802Z,2024-07-06T19:00:24.000Z,"Synthetics : Europe, Synthetics : Europe",,94.43003333333333,0.4,,70.15627138888888,0.0142538932044552,0.4572698441944842,-4.250725202251615
91v3cytk9zwy,,,,,,,,,,,,statuspage,Dropbox.com may not be working as expected,resolved,minor,2024-07-08T21:43:11.000Z,2024-07-08T21:57:52.778Z,2024-07-08T21:57:52.759Z,2024-07-08T21:43:11.000Z,Website,,14.695983333333334,0.4,,50.71305555555556,0.019718788170918,0.2762045544781105,-3.926183383474892
fpzgmrzltwyj,,,,,,,,,,,,statuspage,Desktop app installer may not be working as expected,resolved,minor,2024-07-09T20:54:57.901Z,2024-07-09T21:18:29.926Z,2024-07-09T21:18:29.911Z,2024-07-09T20:54:57.896Z,Desktop Application,,23.533583333333336,0.4,2024-07-09 20:54:57.896000+00:00,23.19636,0.0431102121194877,0.3210085265602118,-3.143995369810989
1440w02h2bqv,,,,,,,,,,,,statuspage,Browser Data and Alert Delays in US region,resolved,minor,2024-07-17T21:51:52.001Z,2024-07-17T22:18:52.175Z,2024-07-17T22:18:52.161Z,2024-07-17T21:51:51.986Z,"Browser : US, Browser Agent : US, Browser : US",,27.002916666666668,0.4,2024-07-17 21:51:51.986000+00:00,192.9483583333333,0.0051827339120057,0.3342766084643025,-5.262422579698323
s6dlc7cjg102,,,,,,,,,,,,statuspage,UI Irregularities in EU Region,resolved,major,2024-07-31T08:55:26.102Z,2024-07-31T11:29:13.124Z,2024-07-31T11:29:13.107Z,2024-07-31T08:55:26.069Z,"Alerts : Europe, APM : Europe, Auto-Telemetry with Pixie : Europe, AWS Lambda Integration : Europe, Browser : Europe, Dashboards : Europe, Incident Intelligence : Europe, Infrastructure : Europe, Infrastructure Integrations : Europe, Logs : Europe, Lookout : Europe, Mobile : Europe, Open Instrumentation : Europe, Proactive Detection : Europe, Serverless : Europe, Synthetics : Europe",,153.7839666666667,0.7,2024-07-31 08:55:26.069000+00:00,323.05946750000004,0.0030954053374089,0.5057853223764647,-5.777836416183651
pgqj808pvcmh,,,,,,,,,,,,statuspage,New Relic UI Irregularities in US/EU Region,resolved,critical,2024-08-03T19:09:37.131Z,2024-08-03T23:44:55.856Z,2024-08-03T23:44:55.837Z,2024-08-03T19:09:37.125Z,"Alerts : US, Alerts : Europe, APM : US, APM : Europe, Auto-Telemetry with Pixie : US, Auto-Telemetry with Pixie : Europe, AWS Lambda Integration : US, AWS Lambda Integration : Europe, Browser : US, Browser : Europe, Dashboards : US, Dashboards : Europe, Incident Intelligence : US, Incident Intelligence : Europe, Infrastructure : US, Infrastructure : Europe, Infrastructure Integrations : US, Infrastructure Integrations : Europe, Logs : US, Logs : Europe, Lookout : US, Lookout : Europe, Mobile : US, Mobile : Europe, Open Instrumentation : US, Open Instrumentation : Europe, Proactive Detection : US, Proactive Detection : Europe, Serverless : US, Serverless : Europe, Synthetics : US, Synthetics : Europe",,275.3118666666667,0.9,2024-08-03 19:09:37.125000+00:00,82.23640444444445,0.0121600647153239,0.5639171601656117,-4.409598080474405
2rsqj1hmdg82,,,,,,,,,,,,atlassian,Data residency migrations halted.,resolved,minor,2024-08-20T11:46:28.000Z,2024-08-23T11:15:08.506Z,2024-08-23T11:15:08.487Z,2024-08-20T11:46:28.000Z,,https://stspg.io/pd9n7p9p3vb4,4288.674783333333,0.4,,400.61413194444447,0.0024961675594077,0.839021390470626,-5.992998699555195
82j0qym29nz6,,,,,,,,,,,,statuspage,Web UI features maybe hidden,resolved,minor,2024-08-30T10:55:44.868-04:00,2024-08-30T11:21:07.764-04:00,2024-08-30T11:21:07.321-04:00,2024-08-30T10:55:44.862-04:00,Web Application,,25.37431666666667,0.4,2024-08-30 14:55:44.862000+00:00,243.15468388888888,0.0041126084186679,0.3282660062363441,-5.493697800036229
kl4d5mfn26kc,,,,,,,,,,,,atlassian,Slowness in Jira.,resolved,none,2024-09-02T09:23:21.124Z,2024-09-10T13:15:07.683Z,2024-09-10T13:15:07.668Z,2024-09-02T09:23:21.117Z,,https://stspg.io/gnd70qwf3n98,11751.77585,0.2,2024-09-02 09:23:21.117000+00:00,66.46007083333333,0.0150466285614977,0.9401255350929344,-4.196601328729879
hxt5dbmb5tjj,,,,,,,,,,,,statuspage,Dropbox may not be working as expected for some users,resolved,none,2024-09-03T18:26:08.707Z,2024-09-03T19:20:49.794Z,2024-09-03T19:20:49.782Z,2024-09-03T18:26:08.702Z,,,54.684666666666665,0.2,2024-09-03 18:26:08.702000+00:00,33.04655138888889,0.030260343605361,0.4032319416802177,-3.497917215585239
d8jljnw353f3,,,,,,,,,,,,atlassian,High RDS CPU on multiple environments,resolved,none,2024-09-09T08:56:21.454Z,2024-09-09T18:12:32.942Z,2024-09-09T18:12:32.915Z,2024-09-09T08:56:21.449Z,,https://stspg.io/6w6ly5cgydvz,556.1911,0.2,2024-09-09 08:56:21.449000+00:00,134.50354083333332,0.0074347485114843,0.6342750747975207,-4.90159052459377
m0nz4gbbjmz2,,,,,,,,,,,,atlassian,Slow loading times and extended response times for Cloud products in the EU-West region.,resolved,none,2024-09-10T10:26:14.585Z,2024-09-10T12:43:48.671Z,2024-09-10T12:43:48.654Z,2024-09-10T10:26:14.576Z,,https://stspg.io/7kv4zlyf4fmn,137.56796666666665,0.2,2024-09-10 10:26:14.576000+00:00,25.49809083333333,0.0392186225445833,0.4946836480204254,-3.2386035800804907
w30032mg77t8,,,,,,,,,,,,statuspage,Infrastructure Entity Irregularities - US and EU Region,resolved,minor,2024-09-11T13:09:41.255Z,2024-09-12T21:12:00.110Z,2024-09-12T21:12:00.097Z,2024-09-11T13:56:46.000Z,"Infrastructure : US, Infrastructure : Europe",,1875.23495,0.4,,27.50872888888889,0.0363520976937582,0.7560674959570218,-3.3145033684487313
968gxmyk3zdb,,,,,,,,,,,,statuspage,Degraded Web Application Performance,resolved,minor,2024-09-11T15:17:09.651-04:00,2024-09-11T15:57:27.358-04:00,2024-09-11T15:57:26.943-04:00,2024-09-11T15:17:09.646-04:00,"Metrics and Infra Monitoring, Web Application",,40.28828333333333,0.4,2024-09-11 19:17:09.646000+00:00,5.339901666666667,0.1872693660713477,0.3732254641206419,-1.6752072383206575
r8tc9dbd4838,,,,,,,,,,,,statuspage,Delayed Monitors Notifications,resolved,critical,2024-09-11T16:59:25.975-04:00,2024-09-11T18:28:15.325-04:00,2024-09-11T18:28:13.734-04:00,2024-09-11T16:59:25.971-04:00,Monitors,,88.79605,0.9,2024-09-11 20:59:25.971000+00:00,1.7045347222222222,0.5866703605170848,0.4511655119750776,-0.5332921833019312
qxwy7bj9pvcv,,,,,,,,,,,,statuspage,The Desktop App might not be loading for some users,resolved,minor,2024-09-25T18:10:01.643Z,2024-09-26T00:01:32.978Z,2024-09-26T00:01:32.962Z,2024-09-25T18:10:01.637Z,Desktop Application,,351.52208333333334,0.4,2024-09-25 18:10:01.637000+00:00,333.17657388888887,0.0030014114987973,0.5883519099889242,-5.808672601365158
cgbskdwn7mts,,,,,,,,,,,,statuspage,Creating and opening a File Request might not be working for some users,resolved,minor,2024-09-26T21:37:30.904Z,2024-09-27T00:48:56.506Z,2024-09-27T00:48:56.201Z,2024-09-26T21:37:30.898Z,Website,,191.42171666666667,0.4,2024-09-26 21:37:30.898000+00:00,27.458128055555555,0.0364190886566162,0.5276195301901951,-3.3126622281529206
xy0mj75zz073,,,,,,,,,,,,statuspage,Intermittent API and UI Irregularities - US and EU Region,resolved,none,2024-09-26T19:40:42.668Z,2024-09-27T02:20:01.862Z,2024-09-27T02:20:01.847Z,2024-09-27T00:32:56.000Z,"Alerts : US, Alerts : Europe, APM : US, APM : Europe, Auto-Telemetry with Pixie : US, Auto-Telemetry with Pixie : Europe, AWS Lambda Integration : US, AWS Lambda Integration : Europe, Browser : US, Browser : Europe, Dashboards : US, Dashboards : Europe, Incident Intelligence : US, Incident Intelligence : Europe, Infrastructure : US, Infrastructure : Europe, Infrastructure Integrations : US, Infrastructure Integrations : Europe, Logs : US, Logs : Europe, Lookout : US, Lookout : Europe, Mobile : US, Mobile : Europe, Open Instrumentation : US, Open Instrumentation : Europe, Proactive Detection : US, Proactive Detection : Europe, Serverless : US, Serverless : Europe, Synthetics : US, Synthetics : Europe",,107.09745,0.2,,2.9236394444444445,0.3420394405678919,0.4697729376495005,-1.0728292252708227
t2xg4s84ph0d,,,,,,,,,,,,statuspage,Intermittent API and UI Irregularities - US and EU Region,resolved,minor,2024-09-27T06:13:53.323Z,2024-09-27T10:24:32.665Z,2024-09-27T10:24:32.638Z,2024-09-27T06:13:53.302Z,"APM : US, APM Agent : US, Alerts : US, Alerts : Europe, APM : US, Browser : US, APM : Europe, Browser Agent : US, Infrastructure : US, Event API : US, Auto-Telemetry with Pixie : US, Auto-Telemetry with Pixie : Europe, Logs : US, AWS Lambda Integration : US, AWS Lambda Integration : Europe, Incident Intelligence API : US, Browser : US, Mobile : US, Browser : Europe, Infrastructure Agent : US, Dashboards : US, Dashboards : Europe, NRQL : US, Log API : US, Serverless : US, Incident Intelligence : US, Metric API : US, Incident Intelligence : Europe, Synthetics : US, Infrastructure : US, Infrastructure : Europe, Mobile Agent : US, OTLP API : US, Infrastructure Integrations : US, Infrastructure Integrations : Europe, Logs : US, Logs : Europe, Trace API : US, Lookout : US, Lookout : Europe, Synthetics : US, Mobile : US, Mobile : Europe, Open Instrumentation : US, Open Instrumentation : Europe, Proactive Detection : US, Proactive Detection : Europe, Serverless : US, Serverless : Europe, Synthetics : US, Synthetics : Europe",,250.6556,0.4,2024-09-27 06:13:53.302000+00:00,5.682583888888889,0.1759762846537632,0.5545409585875151,-1.737406039308518
hd4vvh6j9cd5,,,,,,,,,,,,statuspage,[SSO] Login Errors,resolved,minor,2024-10-03T17:31:35.864-04:00,2024-10-03T21:10:05.653-04:00,2024-10-03T21:10:05.267-04:00,2024-10-03T17:31:35.858-04:00,Web Application,,218.49015,0.4,2024-10-03 21:31:35.858000+00:00,159.29515444444445,0.006277654857033,0.540822629630867,-5.070758798653286
r3lc9yb3rb8d,,,,,,,,,,,,statuspage,Delayed Distribution Metrics,resolved,major,2024-10-11T15:52:05.296-04:00,2024-10-11T18:21:39.898-04:00,2024-10-11T18:20:24.000-04:00,2024-10-11T15:52:05.291-04:00,"Metrics and Infra Monitoring, Monitors",,148.3118166666667,0.7,2024-10-11 19:52:05.291000+00:00,190.34150916666667,0.0052537147802289,0.5021746736526541,-5.248819875406861
w49kstk1y7jy,,,,,,,,,,,,statuspage,Delayed distribution metrics & monitor notifications,resolved,minor,2024-10-17T14:16:09.830-04:00,2024-10-17T15:28:05.144-04:00,2024-10-17T15:28:04.658-04:00,2024-10-17T14:16:09.824-04:00,"Metrics and Infra Monitoring, Monitors",,71.9139,0.4,2024-10-17 18:16:09.824000+00:00,142.40125916666668,0.0070224098147165,0.4302739860554634,-4.95864884140134
l2m730df1t5p,,,,,,,,,,,,statuspage,Dropbox may not be working as expected,resolved,minor,2024-10-23T18:24:10.727Z,2024-10-23T18:59:51.474Z,2024-10-23T18:59:51.455Z,2024-10-23T18:24:10.716Z,"Website, Desktop Application, Mobile Application, API, Paper, Passwords, Replay, Dash, Support Services, DocSend",,35.678983333333335,0.4,2024-10-23 18:24:10.716000+00:00,144.1335811111111,0.0069380084244844,0.3613508325271083,-4.970740516182737
vnwxmfy8ppms,,,,,,,,,,,,statuspage,Delayed alert notifications for US Region,resolved,none,2024-10-31T02:00:00.000Z,2024-10-31T08:31:53.418Z,2024-10-31T07:15:00.000Z,2024-10-31T07:15:00.000Z,,,0.0,0.2,,180.8470233333333,0.0055295353031983,0.0695322407169597,-5.197651498950152
g2cctkd5yd1y,,,,,,,,,,,,statuspage,Data Processing and Alerts Delays in EU Region,resolved,minor,2024-11-01T01:09:32.126Z,2024-11-01T03:11:40.926Z,2024-11-01T03:11:40.903Z,2024-11-01T01:09:32.102Z,"APM : Europe, Browser : Europe, Infrastructure : Europe, Logs : Europe, Mobile : Europe, Dashboards : Europe, NRQL : Europe, Serverless : Europe, Synthetics : Europe",,122.14668333333334,0.4,2024-11-01 01:09:32.102000+00:00,17.90891722222222,0.0558381049837649,0.4828481474776988,-2.885298757641039
wqx7s21cr4tf,,,,,,,,,,,,statuspage,Desktop installer failing to download,resolved,minor,2024-11-07T23:31:10.379Z,2024-11-12T23:08:46.046Z,2024-11-12T23:08:46.030Z,2024-11-07T23:31:10.372Z,Desktop Application,,7177.5943,0.4,2024-11-07 23:31:10.372000+00:00,166.36063055555556,0.0060110375673651,0.8906722396973075,-5.114157905175036
3l3z97jc6d7h,,,,,,,,,,,,statuspage,Alert Destinations UI Irregularities - US Region,resolved,minor,2024-11-08T15:49:51.000Z,2024-11-12T19:03:34.478Z,2024-11-08T16:25:53.066Z,2024-11-08T15:49:50.995Z,Alerts : US,,36.03451666666667,0.4,2024-11-08 15:49:50.995000+00:00,16.311284166666667,0.0613072514574649,0.3623185028442737,-2.791857148460939
fw9gq0pm4yxr,,,,,,,,,,,,statuspage,Dropbox.com was down,resolved,none,2024-11-12T23:05:28.751Z,2024-11-12T23:05:28.829Z,2024-11-12T23:05:28.821Z,2024-11-12T23:05:28.743Z,"Website, Desktop Application, Mobile Application, API, Paper, Passwords, Replay, Dash, Support Services, DocSend",,0.0013,0.2,2024-11-12 23:05:28.743000+00:00,103.26048555555556,0.0096842465403863,0.0695322407169597,-4.63725478170227
lffwj2mhj8wj,,,,,,,,,,,,statuspage,Delayed Distribution Metrics,resolved,major,2024-11-15T08:33:23.963-05:00,2024-11-15T09:51:42.977-05:00,2024-11-15T09:51:40.611-05:00,2024-11-15T08:33:23.954-05:00,"Metrics and Infra Monitoring, Monitors",,78.27761666666667,0.7,2024-11-15 13:33:23.954000+00:00,62.46533638888889,0.0160088788087896,0.4386678987654907,-4.134611785107251
5c17kp627lxd,,,,,,,,,,,,statuspage,Monitors - Delayed Evaluation for Distribution Metric Monitors,resolved,minor,2024-11-20T11:16:44.057-05:00,2024-11-20T13:09:28.828-05:00,2024-11-20T13:09:28.566-05:00,2024-11-20T11:16:44.053-05:00,Monitors,,112.74188333333332,0.4,2024-11-20 16:16:44.053000+00:00,122.72224972222222,0.0081484816507476,0.4748787670669278,-4.8099236696072305
0svvq25kbst4,,,,,,,,,,,,statuspage,Monitors - Delayed Evaluation,resolved,minor,2024-11-20T11:36:55.688-05:00,2024-11-20T12:06:29.737-05:00,2024-11-20T12:06:29.470-05:00,2024-11-20T11:36:55.683-05:00,Monitors,,29.563116666666662,0.4,2024-11-20 16:36:55.683000+00:00,0.3365638888888889,2.9712040804536035,0.3430525902779744,1.0889672849505805
4wds3wgs5m2r,,,,,,,,,,,,statuspage,Delayed APM data ingestion,resolved,major,2024-11-26T14:12:00.947-05:00,2024-11-26T15:54:34.982-05:00,2024-11-26T15:54:33.837-05:00,2024-11-26T14:12:00.941-05:00,APM,,102.54826666666666,0.7,2024-11-26 19:12:00.941000+00:00,146.5847938888889,0.0068219900132205,0.4654599162683565,-4.987604058894626
9rlvqrkzt4br,,,,,,,,,,,,statuspage,Alerts UI Irregularities - US region,resolved,minor,2024-12-02T23:00:10.022Z,2024-12-03T00:34:08.785Z,2024-12-03T00:34:08.766Z,2024-12-02T23:00:10.012Z,Alerts : US,,93.97923333333333,0.4,2024-12-02 23:00:10.012000+00:00,147.80251972222223,0.0067657845203138,0.4567948509882412,-4.995877056557039
t8nxbsl96pyk,,,,,,,,,,,,statuspage,"Delayed APM Distribution Metrics, Data Streams Monitoring Metrics & Monitor Notifications",resolved,major,2024-12-04T13:48:42.976-05:00,2024-12-04T16:50:08.711-05:00,2024-12-04T16:50:08.418-05:00,2024-12-04T13:48:42.969-05:00,"APM, Data Streams Monitoring, Monitors",,181.42415,0.7,2024-12-04 18:48:42.969000+00:00,43.80915472222222,0.0228262792637893,0.5222672929895433,-3.7798428074653354
4lrm079h36nm,,,,,,,,,,,,statuspage,APM UI Irregularities,resolved,major,2024-12-05T09:38:10.291Z,2024-12-05T17:42:14.174Z,2024-12-05T10:38:00.000Z,2024-12-05T09:38:10.287Z,APM : US,,59.82855,0.7,2024-12-05 09:38:10.287000+00:00,14.824255,0.067457015546481,0.4120951116010761,-2.6962646906699725
3c2wfrnsbjkz,,,,,,,,,,,,statuspage,Delayed alert notifications for the EU region,resolved,minor,2024-12-05T23:20:29.712Z,2024-12-06T02:19:30.767Z,2024-12-06T02:19:30.751Z,2024-12-05T23:20:29.685Z,"APM : Europe, Browser : Europe, Infrastructure : Europe, Logs : Europe, Mobile : Europe, NRQL : Europe, Serverless : Europe, Synthetics : Europe",,179.0177666666667,0.4,2024-12-05 23:20:29.685000+00:00,13.705388333333334,0.0729640033305635,0.5209352337669317,-2.6177890645108017
2ps97pjyky9c,,,,,,,,,,,,statuspage,Dashboard Creation Issues - US and EU region,resolved,minor,2024-12-10T10:50:43.041Z,2024-12-10T18:44:46.089Z,2024-12-10T11:17:07.393Z,2024-12-10T10:50:43.036Z,"Dashboards : US, Dashboards : Europe",,26.40595,0.4,2024-12-10 10:50:43.036000+00:00,107.50370861111112,0.0093020046742521,0.3321149932983645,-4.67752534568067
7xqwc5h408rs,,,,,,,,,,,,statuspage,Dash Answers was down for some users,resolved,none,2024-12-12T00:36:09.428Z,2024-12-12T00:36:09.462Z,2024-12-12T00:36:09.456Z,2024-12-12T00:36:09.425Z,Dash,,0.0005166666666666,0.2,2024-12-12 00:36:09.425000+00:00,37.757330277777776,0.0264849233948236,0.0695322407169597,-3.6311796363884103
9t94s2mds10d,,,,,,,,,,,,statuspage,UI Irregularities,resolved,major,2024-12-18T09:18:14.331Z,2024-12-18T09:47:22.192Z,2024-12-18T09:47:22.175Z,2024-12-18T09:18:14.326Z,,,29.130816666666664,0.7,2024-12-18 09:18:14.326000+00:00,152.70136138888887,0.0065487300892705,0.3416235711034238,-5.028484127632724
123sw0vgch0j,,,,,,,,,,,,statuspage,APM connections retrying,resolved,minor,2025-01-03T00:13:14.095-05:00,2025-01-03T00:34:17.816-05:00,2025-01-03T00:34:17.536-05:00,2025-01-03T00:13:14.090-05:00,APM,,21.05743333333333,0.4,2025-01-03 05:13:14.090000+00:00,379.9166011111111,0.0026321566287847,0.3103358113925843,-5.939951757873002
kqbsjq9k9bw9,,,,,,,,,,,,statuspage,Increased delay processing events,resolved,minor,2025-01-17T08:42:49.803-05:00,2025-01-17T11:50:41.801-05:00,2025-01-17T11:50:41.402-05:00,2025-01-17T08:42:49.797-05:00,"Metrics and Infra Monitoring, Monitors",,187.8600833333333,0.4,2025-01-17 13:42:49.797000+00:00,344.4932519444444,0.0029028144799807,0.5257453707967726,-5.842074502292212
np9rsdc10d1m,,,,,,,,,,,,statuspage,DocSend unavailable,resolved,major,2025-01-22T15:45:43.446Z,2025-01-22T15:52:34.624Z,2025-01-22T15:52:34.282Z,2025-01-22T15:45:43.440Z,DocSend,,6.847366666666667,0.7,2025-01-22 15:45:43.440000+00:00,122.04823416666666,0.0081934819198975,0.2066643246301616,-4.804416328620144
8hzctgd3lllh,,,,,,,,,,,,statuspage,Degraded Web Application Performance,resolved,minor,2025-01-31T11:03:52.534-05:00,2025-01-31T14:03:21.705-05:00,2025-01-31T14:03:21.350-05:00,2025-01-31T11:03:52.529-05:00,Web Application,,179.48035,0.4,2025-01-31 16:03:52.529000+00:00,216.30252472222224,0.004623154543777,0.5211926749242238,-5.376678005208168
th3zxdyyjl3x,,,,,,,,,,,,statuspage,Issues with our playstation integration,resolved,none,2025-02-07T16:47:03.290-08:00,2025-02-07T17:04:11.788-08:00,2025-02-07T17:04:11.769-08:00,2025-02-07T16:47:03.286-08:00,,,17.141383333333334,0.2,2025-02-08 00:47:03.286000+00:00,176.71965472222223,0.0056586801370331,0.2907290785339083,-5.174564605297281
4wfbmn926ltz,,,,,,,,,,,,statuspage,Not getting notifications in DM,resolved,major,2025-02-20T13:08:23.692-08:00,2025-02-20T13:33:06.333-08:00,2025-02-20T13:33:06.313-08:00,2025-02-20T13:08:23.687-08:00,Push Notifications,,24.71043333333333,0.7,2025-02-20 21:08:23.687000+00:00,308.35566694444447,0.003243008341339,0.3257086250695891,-5.731253879554497
xtbd4r07wqht,,,,,,,,,,,,statuspage,[macOS Canary] Desktop Client Won't Start,resolved,minor,2025-02-20T13:14:30.684-08:00,2025-02-20T13:40:41.536-08:00,2025-02-20T13:40:41.509-08:00,2025-02-20T13:14:30.676-08:00,Desktop,,26.18055,0.4,2025-02-20 21:14:30.676000+00:00,0.1019413888888888,9.809558324636434,0.331286551713669,2.2833572495908667
jwj6c8zlq2p9,,,,,,,,,,,,statuspage,Krisp noise canceling missing on macOS,resolved,minor,2025-02-20T13:16:37.687-08:00,2025-02-20T15:08:51.633-08:00,2025-02-20T15:08:51.620-08:00,2025-02-20T13:16:37.676-08:00,Desktop,,112.2324,0.4,2025-02-20 21:16:37.676000+00:00,0.0352777777777777,10.0,0.4744284226146721,2.302585092994046
ltjfhpm7bj3q,,,,,,,,,,,,statuspage,Delayed Processing for a Subset of Metrics,resolved,minor,2025-02-23T04:30:54.065-05:00,2025-02-23T10:32:17.694-05:00,2025-02-23T10:32:17.343-05:00,2025-02-23T04:30:54.060-05:00,Metrics and Infra Monitoring,,361.38805,0.4,2025-02-23 09:30:54.060000+00:00,60.23788444444444,0.0166008486058681,0.5911208052178083,-4.098301464090837
n5gc6n09zkfc,,,,,,,,,,,,statuspage,Connections are failing,resolved,major,2025-02-24T10:59:56.840-08:00,2025-02-24T11:03:50.120-08:00,2025-02-24T11:03:50.102-08:00,2025-02-24T10:59:56.835-08:00,"API, Gateway",,3.887783333333333,0.7,2025-02-24 18:59:56.835000+00:00,33.48410416666667,0.0298649172461808,0.1591718380623598,-3.511070823731531
rfhvq3d7zh60,,,,,,,,,,,,statuspage,Delays for APM Timeslice Data in Charts & Dashboards - US Region,resolved,minor,2025-03-03T12:50:35.000Z,2025-03-07T18:57:12.490Z,2025-03-03T13:10:03.464Z,2025-03-03T12:50:35.000Z,APM Agent : US,,19.4744,0.4,,161.84393472222223,0.00617879194371,0.3028650066996132,-5.086632504985001
8xc8jr91pcjh,,,,,,,,,,,,atlassian,Issues with 403 user authentication errors across Atlassian products,resolved,none,2025-03-04T07:31:46.048Z,2025-03-04T07:31:46.098Z,2025-03-04T07:31:46.088Z,2025-03-04T07:31:46.043Z,,https://stspg.io/d9vzr30gswqr,0.00075,0.2,2025-03-04 07:31:46.043000+00:00,18.68640083333333,0.0535148533374159,0.0695322407169597,-2.9277960311378766
fqq9n3wspj7y,,,,,,,,,,,,statuspage,Android Mobile Application Issues - US and EU Region,resolved,minor,2025-03-05T07:40:13.235Z,2025-03-07T19:01:01.960Z,2025-03-05T08:02:24.000Z,2025-03-05T08:02:24.000Z,"Mobile : US, Mobile : Europe",,0.0,0.4,,24.51054361111111,0.0407987687203592,0.0695322407169597,-3.1991033764499672
ncl47z14t55q,,,,,,,,,,,,statuspage,Degraded Query Functionality in the US Region,resolved,none,2025-03-08T21:09:57.000Z,2025-03-11T16:55:17.030Z,2025-03-08T22:15:11.000Z,2025-03-08T21:09:57.000Z,"APM : US, APM Agent : US, Alerts : US, APM : US, Browser : US, Browser Agent : US, Infrastructure : US, Event API : US, Auto-Telemetry with Pixie : US, Logs : US, AWS Lambda Integration : US, Incident Intelligence API : US, Browser : US, Mobile : US, Infrastructure Agent : US, Dashboards : US, NRQL : US, Log API : US, Serverless : US, Incident Intelligence : US, Metric API : US, Synthetics : US, Infrastructure : US, Mobile Agent : US, OTLP API : US, Infrastructure Integrations : US, Logs : US, Trace API : US, Lookout : US, Synthetics : US, Mobile : US, Open Instrumentation : US, Proactive Detection : US, Serverless : US, Synthetics : US",,65.23333333333333,0.2,,85.12583333333333,0.0117473152489941,0.4206342862858046,-4.44413055394697
qtwgycmt86rk,,,,,,,,,,,,statuspage,Brief Alert Degradation in EU Region,resolved,none,2025-03-08T22:17:00.458Z,2025-03-11T16:54:19.313Z,2025-03-08T22:41:01.000Z,2025-03-08T22:17:00.453Z,"APM : Europe, Browser : Europe, Infrastructure : Europe, Logs : Europe, Mobile : Europe, NRQL : Europe, Serverless : Europe, Synthetics : Europe",,24.009116666666667,0.2,2025-03-08 22:17:00.453000+00:00,1.117625833333333,0.8947538345794024,0.3229343008799714,-0.11120664370181847
0gstddwzm8nl,,,,,,,,,,,,statuspage,Users are having trouble connecting to Discord,resolved,major,2025-03-10T11:57:32.394-07:00,2025-03-10T12:21:49.019-07:00,2025-03-10T12:21:49.003-07:00,2025-03-10T11:57:32.389-07:00,"API, Gateway",,24.2769,0.7,2025-03-10 18:57:32.389000+00:00,44.67553777777778,0.0223836141598146,0.3240026942226586,-3.7994260985282247
fnr044cxy38f,,,,,,,,,,,,statuspage,infrastructure issues,resolved,major,2025-03-13T12:29:30.321-07:00,2025-03-13T12:35:50.765-07:00,2025-03-13T12:35:50.748-07:00,2025-03-13T12:29:30.316-07:00,"API, Gateway",,6.340533333333334,0.7,2025-03-13 19:29:30.316000+00:00,72.5327575,0.0137868741582036,0.1999667202536816,-4.28403828740349
fvn7f7t2x0p1,,,,,,,,,,,,statuspage,Infrastructure Alerts- False Host Not Reporting,resolved,minor,2025-03-18T10:01:38.046Z,2025-03-20T14:20:50.245Z,2025-03-20T14:20:50.228Z,2025-03-18T10:01:38.041Z,"Infrastructure : US, Infrastructure Agent : US, Infrastructure : US",,3139.2031166666666,0.4,2025-03-18 10:01:38.041000+00:00,110.53547916666666,0.0090468690011483,0.8077311592796951,-4.705336547854541
739dq850pym1,,,,,,,,,,,,statuspage,Data Irregularities in the EU Region,resolved,major,2025-03-18T18:50:51.000Z,2025-03-18T19:36:10.819Z,2025-03-18T19:36:10.804Z,2025-03-18T18:50:51.000Z,"APM Agent : Europe, Browser Agent : Europe, Event API : Europe, Incident Intelligence API : Europe, Infrastructure Agent : Europe, Log API : Europe, Metric API : Europe, Mobile Agent : Europe, OTLP API : Europe, Trace API : Europe, Synthetics : Europe",,45.33006666666667,0.7,,8.82026638888889,0.1133752605544572,0.3847828574565638,-2.177052072384474
6lcm24ynztty,,,,,,,,,,,,statuspage,Some Windows users may not be able to use the online-only functionality,resolved,minor,2025-03-20T20:35:18.923Z,2025-04-04T16:22:22.720Z,2025-04-04T16:22:22.697Z,2025-03-20T20:35:18.918Z,Desktop Application,,21347.062983333333,0.4,2025-03-20 20:35:18.918000+00:00,49.74108833333334,0.0201041037401238,1.0,-3.9068313185808705
dx530cw2nkr8,,,,,,,,,,,,statuspage,Login Issues,resolved,minor,2025-03-25T15:03:39.998-04:00,2025-03-25T20:17:38.120-04:00,2025-03-25T20:17:35.788-04:00,2025-03-25T15:03:39.992-04:00,Web Application,,313.9299333333333,0.4,2025-03-25 19:03:39.992000+00:00,118.47252055555556,0.0084407759310824,0.5770402140224683,-4.774681039637661
jrrbs9kbkbk2,,,,,,,,,,,,statuspage,Server Unavailability,resolved,none,2025-03-26T12:00:59.764-07:00,2025-03-26T12:33:29.109-07:00,2025-03-26T12:33:29.095-07:00,2025-03-26T12:00:59.757-07:00,,,32.48896666666666,0.2,2025-03-26 19:00:59.757000+00:00,23.955490277777777,0.0417440840660917,0.3522234889619633,-3.1761975367412942
gvdjyvjjwn3q,,,,,,,,,,,,statuspage,Delayed processing of APM Trace Metrics,resolved,minor,2025-03-26T16:03:20.918-04:00,2025-03-26T16:43:21.530-04:00,2025-03-26T16:24:56.172-04:00,2025-03-26T16:03:20.910-04:00,"APM, Monitors, Web Application",,21.5877,0.4,2025-03-26 20:03:20.910000+00:00,1.0392091666666663,0.962270187827122,0.312718851690081,-0.038460007223211086
vzqpjr0bjccx,,,,,,,,,,,,statuspage,Users unable to create new Paypal payment methods,resolved,minor,2025-04-08T13:26:36.249-07:00,2025-04-08T14:32:01.789-07:00,2025-04-08T14:32:01.765-07:00,2025-04-08T13:26:36.242-07:00,Payments,,65.42538333333333,0.4,2025-04-08 20:26:36.242000+00:00,312.3875922222222,0.0032011514698337,0.4209247350833796,-5.744244699578268
qx8phd57ymk7,,,,,,,,,,,,statuspage,Issue downloading single files on safari 18.4,resolved,none,2025-04-09T19:58:36.656Z,2025-04-10T07:53:57.783Z,2025-04-10T07:53:06.240Z,2025-04-09T19:58:36.649Z,Website,,714.4931833333334,0.2,2025-04-09 19:58:36.649000+00:00,23.53344638888889,0.0424927137094608,0.6593599298117514,-3.158422659879982
flzv6f6p7l4k,,,,,,,,,,,,statuspage,Elevated API Latency,resolved,none,2025-04-10T13:04:42.518-07:00,2025-04-10T14:01:11.164-07:00,2025-04-10T14:01:11.149-07:00,2025-04-10T13:04:42.512-07:00,,,56.47728333333334,0.2,2025-04-10 20:04:42.512000+00:00,24.10162861111111,0.0414909720888732,0.4064103822726227,-3.1822794154379
mv9k3px764kd,,,,,,,,,,,,statuspage,[Linux Only] Voice sound not working on 0.0.90,resolved,none,2025-04-14T14:36:37.000-07:00,2025-04-16T12:55:56.523-07:00,2025-04-14T14:49:40.000-07:00,2025-04-14T14:36:37.000-07:00,,,13.05,0.2,,97.53180222222224,0.010253065945829,0.265091544336875,-4.580178501457947
6df1kpz36y8g,,,,,,,,,,,,statuspage,Monitors - Delayed Evaluation,resolved,minor,2025-04-16T09:37:46.093-04:00,2025-04-16T09:52:55.968-04:00,2025-04-16T09:52:55.646-04:00,2025-04-16T09:37:46.088-04:00,Monitors,,15.1593,0.4,2025-04-16 13:37:46.088000+00:00,40.01919111111111,0.0249880113074638,0.2791227731837611,-3.6893591168351563
ty6ky68123z9,,,,,,,,,,,,statuspage,UI Irregularities and Alert Degradation in US Region,resolved,minor,2025-04-16T13:46:55.516Z,2025-04-16T16:51:02.689Z,2025-04-16T16:51:02.670Z,2025-04-16T14:58:56.000Z,"APM : US, Alerts : US, APM : US, Infrastructure : US, Dashboards : US, Infrastructure : US, Infrastructure Integrations : US",,112.11116666666666,0.4,,1.3527533333333337,0.7392330703306342,0.4743209631451375,-0.3021420216539781
5pyrxmg9cwtv,,,,,,,,,,,,statuspage,Dropbox was not working as expected for some users,resolved,none,2025-04-17T17:21:54.425Z,2025-04-17T17:21:54.473Z,2025-04-17T17:21:54.463Z,2025-04-17T17:21:54.421Z,,,0.0007,0.2,2025-04-17 17:21:54.421000+00:00,26.382894722222225,0.0379033464875142,0.0695322407169597,-3.272715872968186
n92kmngm32tp,,,,,,,,,,,,statuspage,A subset of large servers are unavailable,resolved,none,2025-04-25T11:46:30.705-07:00,2025-04-25T12:34:48.132-07:00,2025-04-25T12:34:48.115-07:00,2025-04-25T11:46:30.697-07:00,,,48.2903,0.2,2025-04-25 18:46:30.697000+00:00,193.41007666666664,0.0051703614270493,0.3909959110693027,-5.264812684385112
cg9kgtcdlfn1,,,,,,,,,,,,statuspage,Missing message notification sounds on desktop,resolved,minor,2025-04-25T13:39:42.116-07:00,2025-04-25T15:52:34.064-07:00,2025-04-25T15:52:34.046-07:00,2025-04-25T13:39:42.110-07:00,Desktop,,132.8656,0.4,2025-04-25 20:39:42.110000+00:00,1.886503611111111,0.5300811480615301,0.4912203507647527,-0.6347251746059837
60fdf7tb9nxc,,,,,,,,,,,,statuspage,Voice endpoint allocation degraded,resolved,major,2025-04-29T10:01:25.870-07:00,2025-04-29T10:47:06.507-07:00,2025-04-29T10:47:06.485-07:00,2025-04-29T10:01:25.842-07:00,,,45.67738333333333,0.7,2025-04-29 17:01:25.842000+00:00,92.36214777777778,0.0108269461468781,0.3855320624533651,-4.5257172386310085
m4vmngw5nrm5,,,,,,,,,,,,statuspage,Dropbox may be unavailable for some users,resolved,minor,2025-05-01T21:57:54.028Z,2025-05-02T02:07:57.734Z,2025-05-02T02:07:57.328Z,2025-05-01T21:57:54.022Z,"Website, Desktop Application, Replay, DocSend",,250.0551,0.4,2025-05-01 21:57:54.022000+00:00,52.94116111111111,0.0188888943690002,0.5543013039436845,-3.9691811291445966
r0rpr0wd9ydc,,,,,,,,,,,,statuspage,Delayed AWS Metrics and Events,resolved,major,2025-05-01T20:56:58.149-04:00,2025-05-01T22:13:02.724-04:00,2025-05-01T22:13:02.351-04:00,2025-05-01T20:56:58.142-04:00,Metrics and Infra Monitoring,,76.07015,0.7,2025-05-02 00:56:58.142000+00:00,2.984477777777778,0.3350669947841238,0.4358350584621509,-1.093424782721071
819myyd174x1,,,,,,,,,,,,statuspage,Dash Chat might not be working for some users,resolved,minor,2025-05-05T18:26:57.589Z,2025-05-05T21:30:15.325Z,2025-05-05T21:30:15.305Z,2025-05-05T18:26:57.582Z,Dash,,183.2953833333333,0.4,2025-05-05 18:26:57.582000+00:00,89.49984444444445,0.0111732037771387,0.5232910300623966,-4.494236887228406
qg0zdcd545j2,,,,,,,,,,,,statuspage,Dash Search might not be working for some users.,resolved,minor,2025-05-05T21:38:12.770Z,2025-05-06T03:40:08.027Z,2025-05-06T03:40:08.010Z,2025-05-05T21:38:12.765Z,Dash,,361.92075,0.4,2025-05-05 21:38:12.765000+00:00,3.1875508333333338,0.3137204870719708,0.5912681553696806,-1.1592528580697996
gd8fzy1p6t1k,,,,,,,,,,,,statuspage,Push notifications for muted conversations,resolved,none,2025-05-13T11:21:15.392-07:00,2025-05-15T06:34:26.191-07:00,2025-05-15T06:34:26.175-07:00,2025-05-13T11:21:15.387-07:00,Push Notifications,,2593.1798,0.2,2025-05-13 18:21:15.387000+00:00,188.717395,0.0052989285910819,0.7885695057771491,-5.240250631485714
mb4f0fpm1nym,,,,,,,,,,,,statuspage,Delayed Traces and Spans in APM,resolved,minor,2025-05-13T15:06:02.000-04:00,2025-05-13T18:28:28.959-04:00,2025-05-13T18:28:28.493-04:00,2025-05-13T15:06:02.000-04:00,"APM, Monitors",,202.44155,0.4,,0.7462813888888888,1.339977138501154,0.5332059401231696,0.2926525529972483
n4cvm0824c40,,,,,,,,,,,,statuspage,Discord attachments unavailable,resolved,minor,2025-05-13T14:45:21.065-07:00,2025-05-13T15:24:34.531-07:00,2025-05-13T15:24:34.512-07:00,2025-05-13T14:45:21.060-07:00,Media Proxy,,39.2242,0.4,2025-05-13 21:45:21.060000+00:00,2.6552944444444444,0.3766060679606572,0.3706062744594116,-0.9765555504070595
gqp5mqf1j54g,,,,,,,,,,,,statuspage,API availability issue impacting all Discord functionality,resolved,major,2025-05-13T17:44:11.028-07:00,2025-05-13T17:56:26.861-07:00,2025-05-13T17:56:26.848-07:00,2025-05-13T17:44:11.022-07:00,API,,12.263766666666667,0.7,2025-05-14 00:44:11.022000+00:00,2.980545,0.3355091099111069,0.2593148337399549,-1.0921061697017647
4l8htd2016pf,,,,,,,,,,,,statuspage,Dropbox may be unavailable for some users.,resolved,minor,2025-05-14T18:24:48.683Z,2025-05-14T19:24:00.854Z,2025-05-14T19:24:00.483Z,2025-05-14T18:24:48.676Z,"Website, Desktop Application, Mobile Application, API, Paper, Replay, Dash",,59.19678333333333,0.4,2025-05-14 18:24:48.676000+00:00,17.67712611111111,0.0565702814877493,0.4110478019035699,-2.87227149372025
j47qrn8xzbgs,,,,,,,,,,,,statuspage,The Dash Confluence connector may be unavailable for some users.,resolved,minor,2025-05-15T16:35:16.782Z,2025-05-16T19:15:32.042Z,2025-05-16T19:15:31.726Z,2025-05-15T16:35:16.776Z,Dash,,1600.2491666666667,0.4,2025-05-15 16:35:16.776000+00:00,22.174472222222224,0.0450969019681039,0.7401694581116841,-3.098941727336182
51zy2qv0kgz3,,,,,,,,,,,,statuspage,Unfurls and Notifications are Experiencing Problems,resolved,none,2025-05-16T12:56:07.497-07:00,2025-05-16T13:45:02.877-07:00,2025-05-16T13:45:02.859-07:00,2025-05-16T12:56:07.491-07:00,Push Notifications,,48.9228,0.2,2025-05-16 19:56:07.491000+00:00,27.34742083333333,0.0365665196032349,0.3922749629289097,-3.3086222221665325
7fmx45blzwkc,,,,,,,,,,,,statuspage,Monitors - Delayed Evaluation,resolved,minor,2025-05-22T13:46:29.000-04:00,2025-05-22T15:09:07.342-04:00,2025-05-22T15:09:06.851-04:00,2025-05-22T13:46:29.000-04:00,Monitors,,82.63085,0.4,,141.83930805555556,0.0070502317989898,0.4440303388502845,-4.954694783409138
rfhwycp3mdfw,,,,,,,,,,,,statuspage,Intermittent Loading Issues on Dropbox Website,resolved,minor,2025-05-23T19:31:05.057Z,2025-05-23T20:24:55.001Z,2025-05-23T20:24:54.984Z,2025-05-23T19:31:05.051Z,Website,,53.83221666666667,0.4,2025-05-23 19:31:05.051000+00:00,25.7433475,0.0388449870398556,0.4016844096067778,-3.248176244217198
rkkxbcnflhfh,,,,,,,,,,,,statuspage,"APM Dashboards lag in US region, no impact to alerts",resolved,minor,2025-05-24T06:09:04.488Z,2025-05-24T07:45:53.590Z,2025-05-24T07:45:53.572Z,2025-05-24T06:09:04.478Z,APM Agent : US,,96.81823333333334,0.4,2025-05-24 06:09:04.478000+00:00,10.633174166666668,0.0940452948786302,0.4597493661435813,-2.3639787523586206
fvvtbqph4hml,,,,,,,,,,,,statuspage,APM Data and Alert Irregularities in the US Region,resolved,minor,2025-05-25T01:34:23.699Z,2025-05-25T03:00:55.257Z,2025-05-25T03:00:55.238Z,2025-05-25T01:34:23.688Z,"APM : US, APM Agent : US",,86.52583333333334,0.4,2025-05-25 01:34:23.688000+00:00,19.42200277777778,0.0514879959313041,0.4485967760335648,-2.9664065871943843
zqk67slf19qs,,,,,,,,,,,,statuspage,Data and Alert Irregularities in the US Region,resolved,none,2025-05-25T20:52:35.731Z,2025-05-25T20:52:35.952Z,2025-05-25T20:52:35.939Z,2025-05-25T20:52:35.715Z,"APM : US, APM Agent : US, Browser : US, Browser Agent : US, Mobile : US, Mobile Agent : US",,0.0037333333333333,0.2,2025-05-25 20:52:35.715000+00:00,19.303340833333333,0.0518045041339778,0.0695322407169597,-2.960278181103446
mql64yfc7nf6,,,,,,,,,,,,statuspage,Elevated error rates in queries across multiple products,resolved,major,2025-06-05T11:08:20.360-04:00,2025-06-05T11:46:22.823-04:00,2025-06-05T11:46:20.922-04:00,2025-06-05T11:08:20.353-04:00,"Audit Trail, Log Management, RUM, Synthetics",,38.009483333333336,0.7,2025-06-05 15:08:20.353000+00:00,258.26239944444444,0.0038720309350146,0.3675302489509505,-5.553976120184794
cl8kndpnv8hw,,,,,,,,,,,,statuspage,Delayed processing of APM Trace Metrics,resolved,major,2025-06-09T18:47:25.494-04:00,2025-06-09T20:06:27.026-04:00,2025-06-09T20:06:26.403-04:00,2025-06-09T18:47:25.486-04:00,"APM, Monitors, Web Application",,79.01528333333334,0.7,2025-06-09 22:47:25.486000+00:00,103.65142583333332,0.0096477206363562,0.4395969883778245,-4.641033595018084
v6p9lb5hgylf,,,,,,,,,,,,statuspage,"Broad service impact (incl. attachments, embeds, activities, windows updater, subscriptions, shop etc.)",resolved,none,2025-06-12T11:02:01.357-07:00,2025-06-12T13:33:22.257-07:00,2025-06-12T13:32:45.645-07:00,2025-06-12T11:29:00.000-07:00,API,,123.76075,0.2,,67.69292055555556,0.0147725935266642,0.4841544050348163,-4.214981603631354
9zlqx6gbhh8f,,,,,,,,,,,,statuspage,Widespread Internet Disruptions impacting New Relic Services,resolved,none,2025-06-12T19:31:20.285Z,2025-06-12T21:02:00.906Z,2025-06-12T20:58:52.000Z,2025-06-12T19:31:20.279Z,,,87.52868333333332,0.2,2025-06-12 19:31:20.279000+00:00,1.038966388888889,0.9624950438189236,0.4497396129597008,-0.03822636211249577
qzhrjzrpl2wx,,,,,,,,,,,,statuspage,User DMs erroneously marked as disabled,resolved,none,2025-06-12T14:31:48.870-07:00,2025-06-12T15:34:08.421-07:00,2025-06-12T15:34:08.406-07:00,2025-06-12T14:31:48.864-07:00,,,62.3257,0.2,2025-06-12 21:31:48.864000+00:00,2.0079402777777777,0.4980227803920131,0.416130937039919,-0.6971094592446355
fd2jxq50vrhf,,,,,,,,,,,,statuspage,"Errors related to payments, subscriptions",resolved,major,2025-06-15T10:14:25.487-07:00,2025-06-15T13:28:19.932-07:00,2025-06-15T13:28:19.918-07:00,2025-06-15T10:14:25.482-07:00,"API, Payments",,193.90726666666663,0.7,2025-06-15 17:14:25.482000+00:00,67.71017166666667,0.0147688297841414,0.5289070064484652,-4.2152364148165535
pswlvh1f1z0x,,,,,,,,,,,,statuspage,Logs Monitors - Delayed Evaluations,resolved,major,2025-06-24T17:16:51.478-04:00,2025-06-24T17:48:34.020-04:00,2025-06-24T17:48:33.631-04:00,2025-06-24T17:16:51.473-04:00,Monitors,,31.70263333333333,0.7,2025-06-24 21:16:51.473000+00:00,220.0405530555556,0.0045446168268242,0.3498399898302373,-5.393811861436019
4cbf1s4tjh2w,,,,,,,,,,,,statuspage,Go Live Streams failing to start,resolved,none,2025-06-27T16:46:47.986-07:00,2025-06-27T17:42:23.368-07:00,2025-06-27T17:42:23.354-07:00,2025-06-27T16:46:47.979-07:00,,,55.58958333333333,0.2,2025-06-27 23:46:47.979000+00:00,74.49902944444445,0.0134229936612224,0.4048490108177666,-4.310786097709306
08p8pf5cq2yb,,,,,,,,,,,,statuspage,Issues connecting to discord.com in certain regions,resolved,minor,2025-06-30T10:28:06.364-07:00,2025-06-30T12:42:03.966-07:00,2025-06-30T12:42:03.949-07:00,2025-06-30T10:28:06.358-07:00,Marketing Site,,133.95985000000002,0.4,2025-06-30 17:28:06.358000+00:00,65.68843861111111,0.0152233790472658,0.4920370070935607,-4.184922937571984
d6d8qmycwvhs,,,,,,,,,,,,statuspage,Monitors - Delayed Evaluation of logs monitors,resolved,major,2025-07-07T10:39:09.258-04:00,2025-07-07T13:07:57.956-04:00,2025-07-07T13:07:57.629-04:00,2025-07-07T10:39:09.253-04:00,Monitors,,148.80626666666666,0.7,2025-07-07 14:39:09.253000+00:00,165.1841375,0.0060538500556689,0.5025063166771223,-5.107060836500883
sx9l18r4j19k,,,,,,,,,,,,statuspage,Increased API Latency,resolved,none,2025-07-09T10:50:42.958-07:00,2025-07-09T11:07:50.425-07:00,2025-07-09T11:07:50.410-07:00,2025-07-09T10:50:42.953-07:00,API,,17.124283333333334,0.2,2025-07-09 17:50:42.953000+00:00,51.19269444444445,0.0195340372459829,0.290634478512049,-3.935596835232812
9cnzff9q1hjp,,,,,,,,,,,,statuspage,Degraded Web Application Performance & Monitor Evaluations,resolved,none,2025-07-09T16:46:31.893-04:00,2025-07-09T17:46:35.673-04:00,2025-07-09T17:46:32.507-04:00,2025-07-09T16:46:31.888-04:00,"Cloud Cost Management, Monitors, Web Application",,60.01031666666667,0.2,2025-07-09 20:46:31.888000+00:00,2.930259722222222,0.3412666776314386,0.4123944203931178,-1.0750910614971338
d0d5995s1bj8,,,,,,,,,,,,statuspage,Google SSO login errors,resolved,major,2025-07-18T11:30:46.875-04:00,2025-07-18T12:09:13.323-04:00,2025-07-18T12:09:12.962-04:00,2025-07-18T11:30:46.870-04:00,Web Application,,38.43486666666667,0.7,2025-07-18 15:30:46.870000+00:00,210.737495,0.0047452400437805,0.3686182111796154,-5.350613259415727
fmwkmvn25j6t,,,,,,,,,,,,statuspage,We're investigating an issue where threads in a small number of servers are unavailable.,resolved,none,2025-07-30T11:09:14.739-07:00,2025-08-04T07:10:11.336-07:00,2025-08-04T07:10:11.320-07:00,2025-07-30T11:09:14.732-07:00,,,6960.943133333333,0.2,2025-07-30 18:09:14.732000+00:00,290.64107277777777,0.003440669931619,0.8875981264555567,-5.672089078994012
0yry6dn7wjft,,,,,,,,,,,,statuspage,Elevated payment and subscription processing errors,resolved,critical,2025-08-04T02:10:01.832-07:00,2025-08-04T05:11:31.868-07:00,2025-08-04T05:11:31.851-07:00,2025-08-04T02:10:01.827-07:00,Payments,,181.5004,0.9,2025-08-04 09:10:01.827000+00:00,111.01308194444444,0.0090079473741702,0.5223092135936777,-4.709648049723293
r24qdfqp0t7w,,,,,,,,,,,,statuspage,Degraded Web Application Degraded,resolved,minor,2025-08-05T12:38:40.558-04:00,2025-08-05T13:36:10.247-04:00,2025-08-05T13:36:09.835-04:00,2025-08-05T12:38:40.553-04:00,Web Application,,57.48803333333333,0.4,2025-08-05 16:38:40.553000+00:00,31.47742388888889,0.0317688005069877,0.4081590906446198,-3.4492705869379363
kgygwd0cp1td,,,,,,,,,,,,statuspage,We are currently investigating issues with payments and subscription processing.,resolved,none,2025-08-07T02:59:03.655-07:00,2025-08-07T05:04:36.726-07:00,2025-08-07T05:04:36.708-07:00,2025-08-07T02:59:03.650-07:00,Payments,,125.55096666666668,0.2,2025-08-07 09:59:03.650000+00:00,41.33974916666667,0.0241897936044161,0.4855835983132191,-3.7218244866654686
0fz29t5wggc0,,,,,,,,,,,,statuspage,We are currently investigating issues with payments and subscription processing.,resolved,none,2025-08-07T07:04:56.188-07:00,2025-08-07T12:07:05.903-07:00,2025-08-07T12:07:05.887-07:00,2025-08-07T07:04:56.181-07:00,,,302.16176666666667,0.2,2025-08-07 14:04:56.181000+00:00,4.097925277777778,0.2440259234161243,0.5732198992809219,-1.4104808158236708
btl2tm8vv4b6,,,,,,,,,,,,statuspage,Data Irregularities in the US and EU Region,resolved,minor,2025-08-07T15:00:43.457Z,2025-08-07T15:42:24.422Z,2025-08-07T15:42:24.406Z,2025-08-07T15:00:43.452Z,"Dashboards : US, Dashboards : Europe",,41.682566666666666,0.4,2025-08-07 15:00:43.452000+00:00,0.9297975,1.0755029993089893,0.3765570664990867,0.07278845847953623
js2f68mctrtc,,,,,,,,,,,,statuspage,Voice is Down,resolved,none,2025-08-07T15:25:45.936-07:00,2025-08-07T17:20:26.168-07:00,2025-08-07T17:20:26.150-07:00,2025-08-07T15:25:45.913-07:00,"Atlanta, Brazil, Rotterdam, Hong Kong, India, Japan, Russia, Singapore, South Africa, South Korea, Sydney, US Central, US East, US South, US West",,114.67061666666667,0.2,2025-08-07 22:25:45.913000+00:00,7.417350277777778,0.1348190340957711,0.4765655379702595,-2.0038218879811804
shn3xdb3wtrh,,,,,,,,,,,,statuspage,Shop Errors,resolved,none,2025-08-08T17:37:44.673-07:00,2025-08-08T18:02:11.543-07:00,2025-08-08T18:02:11.526-07:00,2025-08-08T17:37:44.667-07:00,,,24.44765,0.2,2025-08-09 00:37:44.667000+00:00,26.19965388888889,0.0381684431497048,0.3246780535612303,-3.2657462003320434
qnhh31d4f3wp,,,,,,,,,,,,statuspage,Android Captcha errors,resolved,minor,2025-08-13T14:22:10.239-07:00,2025-08-14T07:49:46.428-07:00,2025-08-14T07:43:44.718-07:00,2025-08-13T14:22:10.229-07:00,Android,,1041.5748166666667,0.4,2025-08-13 21:22:10.229000+00:00,116.74043388888887,0.0085660123633922,0.6971257398722439,-4.759952956480147
ltwd38nhhvv3,,,,,,,,,,,,statuspage,Android Captcha errors,resolved,none,2025-08-14T07:59:11.178-07:00,2025-08-15T13:32:39.727-07:00,2025-08-15T13:32:15.000-07:00,2025-08-14T07:59:11.170-07:00,Android,,1773.0638333333334,0.2,2025-08-14 14:59:11.170000+00:00,17.616928055555555,0.05676358539051,0.7504505022494493,-2.8688602611287273
kvsqxkhkt72v,,,,,,,,,,,,statuspage,Voice/Video Connection Issues,resolved,none,2025-08-15T21:07:23.393-07:00,2025-08-16T00:49:04.715-07:00,2025-08-16T00:49:04.700-07:00,2025-08-15T21:07:23.384-07:00,,,221.6886,0.2,2025-08-16 04:07:23.384000+00:00,37.13672611111112,0.0269275217478259,0.5422738722784424,-3.6146064020959687
tpft9rsmvvqm,,,,,,,,,,,,statuspage,Push notifications for muted conversations,resolved,none,2025-08-15T21:58:15.047-07:00,2025-08-16T19:19:35.144-07:00,2025-08-16T19:19:35.129-07:00,2025-08-15T21:58:15.037-07:00,,,1281.3348666666668,0.2,2025-08-16 04:58:15.037000+00:00,0.8476813888888888,1.179688516354907,0.7178896061676332,0.16525043444081738
339rp4p1xsw7,,,,,,,,,,,,statuspage,Duplicate Logs in Aggregated Queries,resolved,minor,2025-08-21T17:57:23.985-04:00,2025-08-21T19:40:27.863-04:00,2025-08-21T19:40:27.532-04:00,2025-08-21T17:57:23.980-04:00,"Log Management, RUM",,103.0592,0.4,2025-08-21 21:57:23.980000+00:00,136.9858175,0.007300025785516,0.4659536728576796,-4.919877398571564
z7zv7xs3spph,,,,,,,,,,,,statuspage,Partial metrics drop from Datadog Agent in the westus2 azure region to Datadog us1 datacenter,resolved,minor,2025-08-27T13:58:35.346-04:00,2025-08-27T16:53:20.442-04:00,2025-08-27T16:53:20.074-04:00,2025-08-27T13:58:35.341-04:00,Metrics and Infra Monitoring,,174.74555,0.4,2025-08-27 17:58:35.341000+00:00,140.0198225,0.0071418459339926,0.5185258624179663,-4.941784001872211
8jvrf6155dpc,,,,,,,,,,,,statuspage,Server Unavailability,resolved,none,2025-08-27T14:17:26.548-07:00,2025-08-27T14:39:01.884-07:00,2025-08-27T14:39:01.865-07:00,2025-08-27T14:17:26.537-07:00,,,21.5888,0.2,2025-08-27 21:17:26.537000+00:00,3.3142211111111117,0.3017300193543044,0.3127237367608931,-1.1982226370898084
wxc9264wls8w,,,,,,,,,,,,statuspage,Pagerduty Monitor Notifications Delayed,resolved,none,2025-08-28T00:39:32.240-04:00,2025-08-28T05:05:51.337-04:00,2025-08-28T05:05:51.029-04:00,2025-08-28T00:39:32.234-04:00,Monitors,,266.31325,0.2,2025-08-28 04:39:32.234000+00:00,7.368249166666667,0.1357174516469821,0.5605958711601688,-1.9971801157898244
pl206p3t3f8x,,,,,,,,,,,,statuspage,Periodic network interruption communicating with multiple Azure regions,resolved,minor,2025-08-28T15:30:06.866-04:00,2025-08-30T14:58:53.584-04:00,2025-08-30T14:58:52.874-04:00,2025-08-28T15:30:06.858-04:00,"APM, Log Management, Metrics and Infra Monitoring, Monitors",,2848.7669333333333,0.4,2025-08-28 19:30:06.858000+00:00,14.842951111111113,0.0673720470083217,0.7979956759231375,-2.6975250799035333
qw2zcbx56cg8,,,,,,,,,,,,statuspage,Pop up to sign in On Microsoft Office Files,resolved,minor,2025-08-29T19:17:03.447Z,2025-08-30T10:01:05.359Z,2025-08-30T10:01:05.343Z,2025-08-29T19:17:03.442Z,Desktop Application,,884.0316833333333,0.4,2025-08-29 19:17:03.442000+00:00,23.78238444444445,0.0420479284714279,0.6806918011170704,-3.168945157238545
kj58wct508y0,,,,,,,,,,,,statuspage,API availability issue,resolved,major,2025-08-30T05:13:57.189-07:00,2025-08-30T06:32:22.203-07:00,2025-08-30T06:32:22.186-07:00,2025-08-30T05:13:57.184-07:00,API,,78.4167,0.7,2025-08-30 12:13:57.184000+00:00,16.948261666666667,0.0590031013013429,0.4388437334667245,-2.830165272028338
g3qww9gy21d6,,,,,,,,,,,,statuspage,Metrics Delay for Some GCP and AWS EU Accounts,resolved,minor,2025-09-02T11:49:10.046Z,2025-09-02T13:15:37.179Z,2025-09-02T13:15:37.164Z,2025-09-02T11:49:10.036Z,Metric API : Europe,,86.45213333333332,0.4,2025-09-02 11:49:10.036000+00:00,71.58690333333334,0.0139690355838365,0.4485122724925953,-4.270912142896815
5x2hj7pd5vyl,,,,,,,,,,,,statuspage,Dropbox.com is not working for some users,resolved,minor,2025-09-02T13:16:25.560Z,2025-09-02T13:48:56.733Z,2025-09-02T13:48:54.657Z,2025-09-02T13:16:25.555Z,Website,,32.485033333333334,0.4,2025-09-02 13:16:25.555000+00:00,1.4543108333333334,0.6876109130728013,0.3522117062496276,-0.3745321343474973
0mpr69w0zh2b,,,,,,,,,,,,statuspage,Delayed RUM data,resolved,minor,2025-09-02T10:13:08.462-04:00,2025-09-02T11:16:30.340-04:00,2025-09-02T11:16:30.004-04:00,2025-09-02T10:13:08.457-04:00,RUM,,63.359116666666665,0.4,2025-09-02 14:13:08.457000+00:00,0.9452505555555556,1.0579205630958517,0.4177547516584849,0.056305248477275915
7dlr9zdj9vcm,,,,,,,,,,,,statuspage,Delayed Monitors Notifications,resolved,minor,2025-09-05T12:11:53.183-04:00,2025-09-05T12:37:00.709-04:00,2025-09-05T12:37:00.247-04:00,2025-09-05T12:11:53.178-04:00,Monitors,,25.117816666666663,0.4,2025-09-05 16:11:53.178000+00:00,73.97908916666667,0.0135173332257053,0.3272856422198806,-4.303782474442422
gdjlc306mcvt,,,,,,,,,,,,statuspage,APM and Browser Summary Page Irregularities in US Region,resolved,minor,2025-09-08T14:21:51.151Z,2025-09-08T14:53:19.061Z,2025-09-08T14:41:47.986Z,2025-09-08T14:21:51.146Z,"APM Agent : US, APM : US, Browser Agent : US, Browser : US",,19.947333333333333,0.4,2025-09-08 14:21:51.146000+00:00,70.16610222222222,0.014251896119766,0.3051557756547182,-4.2508653200831015
9bm86bnmfhfr,,,,,,,,,,,,statuspage,Guilds Unavailability,resolved,critical,2025-09-08T14:24:33.347-07:00,2025-09-08T16:56:08.223-07:00,2025-09-08T16:56:08.204-07:00,2025-09-08T14:24:33.339-07:00,"API, Gateway",,151.58108333333334,0.9,2025-09-08 21:24:33.339000+00:00,7.045053611111111,0.1419435614262536,0.5043474007689552,-1.952325755131641
hx304k6z711l,,,,,,,,,,,,statuspage,Synthetics Irregularities - US Region,resolved,minor,2025-09-09T12:52:57.245Z,2025-09-09T15:15:13.869Z,2025-09-09T15:15:13.850Z,2025-09-09T12:52:57.235Z,Synthetics : US,,142.27691666666666,0.4,2025-09-09 12:52:57.235000+00:00,15.473304444444445,0.064627436472307,0.4980359651702814,-2.739116245165094
tz244yxksqj3,,,,,,,,,,,,statuspage,Delayed Metrics,resolved,minor,2025-09-17T11:25:07.540-04:00,2025-09-17T12:08:01.278-04:00,2025-09-17T12:08:00.816-04:00,2025-09-17T11:25:07.533-04:00,"APM, Metrics and Infra Monitoring",,42.88805,0.4,2025-09-17 15:25:07.533000+00:00,194.53619388888887,0.0051404316081724,0.379350957966331,-5.270618232578829
6f8k1c5tp7xr,,,,,,,,,,,,statuspage,[SSO] Login Errors from Google SSO,resolved,major,2025-09-18T11:11:40.000-04:00,2025-09-18T12:24:53.919-04:00,2025-09-18T12:24:53.594-04:00,2025-09-18T11:11:40.000-04:00,Web Application,,73.22656666666667,0.7,,23.77568527777778,0.0420597761249246,0.432063868916394,-3.1686634314767517
j26kng7dqvrb,,,,,,,,,,,,statuspage,Dropbox is not working as expected for some users.,resolved,minor,2025-09-23T18:55:17.493Z,2025-09-23T19:17:29.929Z,2025-09-23T19:17:29.502Z,2025-09-23T18:55:17.488Z,"Website, Desktop Application, Dash, DocSend",,22.200233333333333,0.4,2025-09-23 18:55:17.488000+00:00,123.72708,0.0080823050216654,0.3154029310626426,-4.818078172173708
vz7t1hh4lcf6,,,,,,,,,,,,statuspage,Data Irregularities in the EU region,resolved,none,2025-09-25T16:15:38.649Z,2025-09-25T16:15:38.688Z,2025-09-25T16:15:38.680Z,2025-09-25T16:15:38.645Z,,,0.0005833333333333,0.2,2025-09-25 16:15:38.645000+00:00,45.33921027777778,0.0220559642277256,0.0695322407169597,-3.8141722271459972
3hl7gtxjgmjf,,,,,,,,,,,,statuspage,Delays in data and alerts in EU/US,resolved,none,2025-09-26T22:42:22.977Z,2025-09-26T22:42:23.025Z,2025-09-26T22:42:23.016Z,2025-09-26T22:42:22.973Z,,,0.0007166666666666,0.2,2025-09-26 22:42:22.973000+00:00,30.445646666666665,0.0328454182940659,0.0695322407169597,-3.415943017323274
8txdt4wws1cl,,,,,,,,,,,,statuspage,Leave Server Issues,resolved,none,2025-09-27T15:09:05.375-07:00,2025-09-27T15:42:05.174-07:00,2025-09-27T15:42:05.158-07:00,2025-09-27T15:09:05.368-07:00,,,32.9965,0.2,2025-09-27 22:09:05.368000+00:00,23.445109722222224,0.0426528180865009,0.3537323639623326,-3.154661932514487
7sndd8tqsgmh,,,,,,,,,,,,statuspage,"Host Tags, Service Checks, and Datadog Events Delayed Evaluation",resolved,minor,2025-09-29T14:17:49.310-04:00,2025-09-29T15:43:49.704-04:00,2025-09-29T15:43:49.299-04:00,2025-09-29T14:17:49.305-04:00,"Metrics and Infra Monitoring, Monitors",,85.9999,0.4,2025-09-29 18:17:49.305000+00:00,44.14553805555556,0.022652345945847,0.4479921827758172,-3.787491858648407
91qwn7zg2sts,,,,,,,,,,,,statuspage,API availability issues,resolved,major,2025-09-29T13:14:35.836-07:00,2025-09-29T13:44:02.094-07:00,2025-09-29T13:44:02.069-07:00,2025-09-29T13:14:35.830-07:00,API,,29.437316666666668,0.7,2025-09-29 20:14:35.830000+00:00,1.9462569444444444,0.5138067729723365,0.3426388392400293,-0.6659080122750269
hh6gwk0tpxp4,,,,,,,,,,,,statuspage,Delayed Metrics,resolved,minor,2025-10-01T13:24:26.350-04:00,2025-10-01T14:56:59.085-04:00,2025-10-01T14:56:58.554-04:00,2025-10-01T13:24:26.345-04:00,"Metrics and Infra Monitoring, NDM",,92.53681666666668,0.4,2025-10-01 17:24:26.345000+00:00,45.164031944444446,0.0221415129904718,0.4552597334425135,-3.8103010166168576
84nqclp3rtg5,,,,,,,,,,,,statuspage,Issues connecting to Voice,resolved,major,2025-10-01T10:30:10.477-07:00,2025-10-01T11:04:49.546-07:00,2025-10-01T11:04:49.526-07:00,2025-10-01T10:30:10.449-07:00,"Atlanta, Brazil, Rotterdam, Hong Kong, India, Japan, Russia, Singapore, South Africa, South Korea, Sydney, US Central, US East, US South, US West",,34.65128333333334,0.7,2025-10-01 17:30:10.449000+00:00,0.0955844444444444,10.0,0.3585000356293259,2.302585092994046
82k8d8y2m926,,,,,,,,,,,,statuspage,Data Irregularities - US Region,resolved,minor,2025-10-07T17:04:18.853Z,2025-10-09T21:55:52.703Z,2025-10-07T18:48:52.000Z,2025-10-07T17:04:18.846Z,"APM Agent : US, Browser Agent : US, Event API : US, Incident Intelligence API : US, Infrastructure Agent : US, Log API : US, Metric API : US, Mobile Agent : US, OTLP API : US, Trace API : US, Synthetics : US",,104.55256666666668,0.4,2025-10-07 17:04:18.846000+00:00,143.56899916666666,0.0069652919906415,0.4673830568120868,-4.9668157500675
kk58nfytx0c7,,,,,,,,,,,,github,Multiple GitHub API endpoints are experiencing errors,resolved,minor,2025-10-09T13:52:49.468Z,2025-10-15T12:45:49.450Z,2025-10-09T13:56:06.757Z,2025-10-09T13:52:49.460Z,,,,0.4,2025-10-09 13:52:49.460000+00:00,44.808503888888886,0.022317192345446,,-3.8023979403560166
k7bhmjkblcwp,,,,,,,,,,,,github,Incident with Webhooks,resolved,major,2025-10-09T14:45:43.999Z,2025-10-15T21:35:15.915Z,2025-10-09T16:40:52.869Z,2025-10-09T14:45:43.992Z,"Git Operations, Webhooks, API Requests, Issues, Pull Requests, Actions, Pages",,,0.7,2025-10-09 14:45:43.992000+00:00,0.8818144444444445,1.1340254248500252,,0.12577362555689237
wjc45hhfps84,,,,,,,,,,,,statuspage,Failed Webhook Messages with Attachments,resolved,none,2025-10-09T09:05:51.873-07:00,2025-10-09T09:53:57.534-07:00,2025-10-09T09:53:57.503-07:00,2025-10-09T09:05:51.865-07:00,,,48.09396666666667,0.2,2025-10-09 16:05:51.865000+00:00,1.3355202777777777,0.748771858158483,0.3905955427330178,-0.28932093711249385
s64hy0pgl3w3,,,,,,,,,,,,statuspage,Data Irregularities - US Region,resolved,major,2025-10-10T16:00:20.017Z,2025-10-10T20:12:14.977Z,2025-10-10T20:12:14.958Z,2025-10-10T16:00:20.003Z,"Browser : US, Browser Agent : US, Browser : US",,251.91591666666667,0.7,2025-10-10 16:00:20.003000+00:00,23.907816111111117,0.0418273252292271,0.5550420865210677,-3.1742054394112262
54wwj5295j7p,,,,,,,,,,,,statuspage,Images not loading in Dropbox Paper,resolved,minor,2025-10-14T09:06:38.753Z,2025-10-14T12:49:33.662Z,2025-10-14T12:49:33.333Z,2025-10-14T09:06:38.749Z,Paper,,222.9097333333333,0.4,2025-10-14 09:06:38.749000+00:00,89.10520722222222,0.0112226886752652,0.5428224495755116,-4.4898177752182615
fpbpfb33dw5s,,,,,,,,,,,,github,Disruption with GPT-5-mini in Copilot,resolved,minor,2025-10-14T14:05:14.259Z,2025-10-17T18:18:35.015Z,2025-10-14T16:00:29.080Z,2025-10-14T14:05:14.250Z,Copilot,,,0.4,2025-10-14 14:05:14.250000+00:00,4.976528055555556,0.2009433060230913,,-1.6047324702959584
twnwtk275knx,,,,,,,,,,,,statuspage,"Delayed AWS, GCP, Azure, SaaS integrations Metrics and Logs",resolved,critical,2025-10-14T13:14:52.729-04:00,2025-10-14T15:19:29.526-04:00,2025-10-14T15:19:29.164-04:00,2025-10-14T13:14:52.724-04:00,Metrics and Infra Monitoring,,124.60733333333332,0.9,2025-10-14 17:14:52.724000+00:00,3.160687222222222,0.3163868898412915,0.4848328008565706,-1.150789479341256
g8rmr5p85tzv,,,,,,,,,,,,github,Disruption with some GitHub services,resolved,minor,2025-10-14T18:26:38.446Z,2025-10-17T15:32:24.598Z,2025-10-14T18:57:11.044Z,2025-10-14T18:26:38.439Z,,,,0.4,2025-10-14 18:26:38.439000+00:00,1.1960319444444445,0.8360980696585817,,-0.17900936457345967
vs7qnzbydz2p,,,,,,,,,,,,github,Disruption with push notifications,resolved,major,2025-10-17T13:11:28.638Z,2025-10-20T12:56:38.963Z,2025-10-17T14:12:45.584Z,2025-10-17T13:11:28.630Z,,,,0.7,2025-10-17 13:11:28.630000+00:00,66.74727527777777,0.014981884965916,,-4.20091347663864
pxp00j5cv6sv,,,,,,,,,,,,statuspage,Data Irregularities - US and EU region,resolved,minor,2025-10-20T08:40:24.211Z,2025-10-20T21:33:54.469Z,2025-10-20T21:33:54.453Z,2025-10-20T08:40:24.192Z,"Synthetics : US, Synthetics : Europe",,773.5043499999999,0.4,2025-10-20 08:40:24.192000+00:00,67.48210055555556,0.0148187444043289,0.6673099207901574,-4.211862385758127
krd9y2m82fbn,,,,,,,,,,,,github,Codespaces creation failling,resolved,major,2025-10-20T08:56:28.663Z,2025-10-23T21:44:48.977Z,2025-10-20T11:01:14.592Z,2025-10-20T08:56:28.653Z,Codespaces,,,0.7,2025-10-20 08:56:28.653000+00:00,0.2679058333333333,3.732654819635008,,1.3171197283747396
ww8rhx2j8mfz,,,,,,,,,,,,statuspage,Multiple products impacted with data delays,resolved,major,2025-10-20T06:14:51.025-04:00,2025-10-20T07:31:39.803-04:00,2025-10-20T07:31:39.466-04:00,2025-10-20T06:14:51.020-04:00,"Cloud Security Management, Incident Response",,76.80743333333334,0.7,2025-10-20 10:14:51.020000+00:00,1.3062130555555556,0.7655718917728029,0.4367901387759144,-0.2671321535027345
vjgmxjdf0ps5,,,,,,,,,,,,statuspage,Multiple products impacted with data delays,resolved,major,2025-10-20T08:45:48.000-04:00,2025-10-22T10:40:11.956-04:00,2025-10-22T10:40:11.620-04:00,2025-10-20T08:45:48.000-04:00,"APM, App Builder, Cloud Cost Management, Log Management, Profiling, RUM, Workflow Automation",,2994.3936666666664,0.7,,2.5158277777777776,0.3974834878734413,0.8029951612754466,-0.922601885691586
9klytnsknx20,,,,,,,,,,,,github,Disruption with Grok Code Fast 1 in Copilot,resolved,minor,2025-10-20T14:46:00.707Z,2025-10-21T20:25:22.583Z,2025-10-20T16:40:02.952Z,2025-10-20T14:46:00.698Z,Copilot,,,0.4,2025-10-20 14:46:00.698000+00:00,2.0035272222222225,0.4991197468686474,,-0.6949092383350333
qqd6b1xb63tq,,,,,,,,,,,,github,Incident with Actions,resolved,minor,2025-10-21T09:12:50.355Z,2025-10-24T15:15:26.612Z,2025-10-21T12:28:19.349Z,2025-10-21T09:12:50.348Z,Actions,,,0.4,2025-10-21 09:12:50.348000+00:00,18.447125,0.054208989205635,,-2.9149085317860517
ysdnz99hhbf4,,,,,,,,,,,,statuspage,Google Drive and One Drive Dash connectors are not working for some users,resolved,minor,2025-10-21T14:32:54.628Z,2025-10-21T21:13:12.124Z,2025-10-21T21:13:12.109Z,2025-10-21T14:32:54.623Z,Dash,,400.2914333333334,0.4,2025-10-21 14:32:54.623000+00:00,5.334520833333333,0.1874582612465193,0.6013500391333854,-1.6741990650374479
v61nk2fpysnq,,,,,,,,,,,,github,Disruption with some GitHub services,resolved,minor,2025-10-21T16:00:54.316Z,2025-10-23T13:21:33.885Z,2025-10-21T17:39:34.005Z,2025-10-21T16:00:54.309Z,,,,0.4,2025-10-21 16:00:54.309000+00:00,1.4665794444444444,0.6818587317503352,,-0.3829327807907435
dlvf3sfmz7dm,,,,,,,,,,,,github,Incident with API Requests,resolved,minor,2025-10-22T14:29:24.583Z,2025-10-24T20:22:11.317Z,2025-10-22T15:53:37.258Z,2025-10-22T14:29:24.576Z,API Requests,,,0.4,2025-10-22 14:29:24.576000+00:00,22.47507416666667,0.0444937352635358,,-3.1124068803151617
8vql81b3xcgq,,,,,,,,,,,,github,Incident with Actions - Larger hosted runners,resolved,minor,2025-10-23T16:33:25.414Z,2025-10-28T05:11:02.881Z,2025-10-23T20:25:52.396Z,2025-10-23T16:33:25.407Z,Actions,,,0.4,2025-10-23 16:33:25.407000+00:00,26.066897500000003,0.0383628316334922,,-3.2606662143426686
x7sztj89v9qh,,,,,,,,,,,,statuspage,This is a test,resolved,minor,2025-10-23T12:51:22.474-07:00,2025-10-23T12:51:52.672-07:00,2025-10-23T12:51:52.650-07:00,2025-10-23T12:51:22.468-07:00,,,0.5030333333333333,0.4,2025-10-23 19:51:22.468000+00:00,3.2991836111111112,0.3031052884211001,0.0695322407169597,-1.1936750472939486
n7hf73qtpz2l,,,,,,,,,,,,github,git operations over ssh seeing increased latency on github.com,resolved,minor,2025-10-24T09:31:59.404Z,2025-11-04T18:39:05.392Z,2025-10-24T10:10:20.667Z,2025-10-24T09:31:59.398Z,,,,0.4,2025-10-24 09:31:59.398000+00:00,13.676925,0.0731158502368039,,-2.6157101062256825
jkll48jj78zv,,,,,,,,,,,,github,githubstatus.com was unavailable UTC 2025 Oct 24 02:55 to 03:13,resolved,none,2025-10-24T14:17:07.295Z,2025-10-24T14:17:07.359Z,2025-10-24T14:17:07.346Z,2025-10-24T14:17:07.290Z,,,,0.2,2025-10-24 14:17:07.290000+00:00,4.752192222222222,0.2104291984073783,,-1.5586060320465718
t6fcxny6yf14,,,,,,,,,,,,github,Disruption with viewing some repository pages from large organizations,resolved,minor,2025-10-27T16:25:36.195Z,2025-10-29T18:55:52.726Z,2025-10-27T17:51:51.210Z,2025-10-27T16:25:36.188Z,,,,0.4,2025-10-27 16:25:36.188000+00:00,74.14136055555555,0.013487748167916,,-4.305973548721672
jlhnszknd9pj,,,,,,,,,,,,github,Inconsistent results when using the Haiku 4.5 model,resolved,minor,2025-10-28T16:39:47.587Z,2025-10-31T19:11:33.148Z,2025-10-28T17:11:45.597Z,2025-10-28T16:39:47.581Z,,,,0.4,2025-10-28 16:39:47.581000+00:00,24.236498055555558,0.0412600862429783,,-3.187859681109071
01x71sjh4ymw,,,,,,,,,,,,statuspage,Metrics data ingestion delayed and monitor evaluations degraded,resolved,major,2025-10-28T14:32:04.041-04:00,2025-10-28T18:01:27.380-04:00,2025-10-28T18:01:26.977-04:00,2025-10-28T14:32:04.036-04:00,"Metrics and Infra Monitoring, Monitors",,209.38235,0.7,2025-10-28 18:32:04.036000+00:00,1.8712375,0.5344057074529557,0.5365712530185137,-0.6265999767026693
4jxdz4m769gy,,,,,,,,,,,,github,"Experiencing connection issues across Actions, Codespaces, and possibly other services",resolved,major,2025-10-29T16:17:10.257Z,2025-10-31T19:55:57.117Z,2025-10-29T23:15:09.828Z,2025-10-29T16:17:10.250Z,"Actions, Codespaces",,,0.7,2025-10-29 16:17:10.250000+00:00,21.751726111111115,0.0459733629824064,,-3.079693115816139
pch0flk719dj,,,,,,,,,,,,github,Disruption with Copilot Bing search tool,resolved,minor,2025-10-29T21:34:38.644Z,2025-10-29T22:06:13.609Z,2025-10-29T21:49:45.941Z,2025-10-29T21:34:38.638Z,,,,0.4,2025-10-29 21:34:38.638000+00:00,5.2912188888888885,0.1889923703780078,,-1.6660486331076483
6hygvwpw2vr3,,,,,,,,,,,,github,Disruption with some GitHub services,resolved,minor,2025-10-30T22:47:25.188Z,2025-11-05T00:39:55.342Z,2025-10-30T23:00:46.144Z,2025-10-30T22:47:25.179Z,,,,0.4,2025-10-30 22:47:25.179000+00:00,25.212928055555555,0.0396621922609125,,-3.2273568810461954
xkvk1yhmqfdl,,,,,,,,,,,,github,Incident with using workflow_dispatch for Actions,resolved,minor,2025-11-01T04:43:43.218Z,2025-11-04T23:05:08.450Z,2025-11-01T06:14:40.565Z,2025-11-01T04:43:43.211Z,Actions,,,0.4,2025-11-01 04:43:43.211000+00:00,29.938342222222225,0.0334019830683121,,-3.3991400074592497
y8hlsmxtgf0w,,,,,,,,,,,,github,Incident with Packages,resolved,minor,2025-11-03T14:33:43.698Z,2025-11-05T23:35:09.409Z,2025-11-03T19:20:34.866Z,2025-11-03T14:33:43.690Z,Packages,,,0.4,2025-11-03 14:33:43.690000+00:00,57.83346638888889,0.0172910265014327,,-4.057567611388593
tw86ncfv8q78,,,,,,,,,,,,statuspage,Delayed Metrics for APM and distribution metrics,resolved,minor,2025-11-05T10:42:35.000-05:00,2025-11-05T12:57:13.202-05:00,2025-11-05T12:57:12.658-05:00,2025-11-05T10:42:35.000-05:00,"APM, Metrics and Infra Monitoring, Monitors",,134.62763333333334,0.4,,49.14758611111111,0.0203468792493538,0.4925321374041968,-3.8948277326935434
d5c8rxcwt7xw,,,,,,,,,,,,github,Copilot Code Completions partially unavailable,resolved,minor,2025-11-05T22:56:29.331Z,2025-11-17T18:32:50.277Z,2025-11-05T23:26:56.318Z,2025-11-05T22:56:29.324Z,Copilot,,,0.4,2025-11-05 22:56:29.324000+00:00,7.231756666666667,0.1382789889224702,,-1.9784819757686483
gnzclztblsh3,,,,,,,,,,,,github,Incident with Copilot,resolved,minor,2025-11-05T23:41:40.862Z,2025-11-17T18:33:31.566Z,2025-11-06T00:06:13.101Z,2025-11-05T23:41:40.855Z,Copilot,,,0.4,2025-11-05 23:41:40.855000+00:00,0.7532030555555556,1.3276632278959746,,0.2834204254421591
htcm010tcwjq,,,,,,,,,,,,github,Larger hosted runners experiencing delays,resolved,minor,2025-11-11T18:02:26.242Z,2025-11-14T16:49:15.420Z,2025-11-11T20:54:29.588Z,2025-11-11T18:02:26.236Z,,,,0.4,2025-11-11 18:02:26.236000+00:00,138.34593916666665,0.0072282569768476,,-4.929757353916853
l0brgg302bf5,,,,,,,,,,,,github,Delay in notification deliveries,resolved,minor,2025-11-12T14:23:54.367Z,2025-11-19T16:38:28.918Z,2025-11-12T17:39:40.735Z,2025-11-12T14:23:54.358Z,,,,0.4,2025-11-12 14:23:54.358000+00:00,20.357811666666667,0.0491211931996292,,-3.0134647039148885
by04x5gnnng3,,,,,,,,,,,,statuspage,Developer Docs Outage,resolved,none,2025-11-12T12:55:21.858-08:00,2025-11-12T14:11:15.524-08:00,2025-11-12T14:11:15.508-08:00,2025-11-12T12:55:21.851-08:00,,,75.89428333333333,0.2,2025-11-12 20:55:21.851000+00:00,6.524303611111111,0.1532730632426372,0.4356058904103478,-1.875534221246608
br7kz68t38cl,,,,,,,,,,,,github,Disruption with some GitHub services,resolved,minor,2025-11-12T22:26:29.718Z,2025-11-19T01:52:26.342Z,2025-11-12T23:04:23.356Z,2025-11-12T22:26:29.710Z,,,,0.4,2025-11-12 22:26:29.710000+00:00,1.5188497222222224,0.6583929834328207,,-0.4179532866736016
1jw8ltnr1qrj,,,,,,,,,,,,github,Some users may experience failing git push and pull operations.,resolved,minor,2025-11-13T15:00:47.176Z,2025-11-19T22:14:32.435Z,2025-11-13T15:13:56.878Z,2025-11-13T15:00:47.170Z,Git Operations,,,0.4,2025-11-13 15:00:47.170000+00:00,16.571516666666668,0.0603445067892598,,-2.8076853581288765
92sk80qxml0t,,,,,,,,,,,,statuspage,Web Application Not Loading,resolved,minor,2025-11-13T13:58:01.396-05:00,2025-11-13T14:07:51.931-05:00,2025-11-13T14:07:51.517-05:00,2025-11-13T13:58:01.391-05:00,Web Application,,9.835433333333333,0.4,2025-11-13 18:58:01.391000+00:00,3.9539502777777775,0.2529116275488486,0.2390299371806024,-1.3747151494993466
0xpyl7hs9hm6,,,,,,,,,,,,github,Incident With GitHub Enterprise Importer,resolved,none,2025-11-04T22:00:00.000Z,2025-11-13T21:57:04.362Z,2025-11-04T22:00:00.000Z,2025-11-13T21:57:04.300Z,,,,0.2,2025-11-13 21:57:04.300000+00:00,2.984141388888889,0.3351047653852416,,-1.0933120635544256
ygpccbh12mmn,,,,,,,,,,,,statuspage,Dropbox Chat unavailable,resolved,major,2025-11-14T20:00:04.549Z,2025-11-14T21:11:24.695Z,2025-11-14T21:11:24.305Z,2025-11-14T20:00:04.541Z,"Website, Desktop Application, Mobile Application, Support Services",,71.3294,0.7,2025-11-14 20:00:04.541000+00:00,22.05006694444444,0.0453513362349202,0.4294665995027068,-3.093315637917473
5sqkt5xhj2pc,,,,,,,,,,,,statuspage,API Availability Issues,resolved,major,2025-11-15T05:42:50.917-08:00,2025-11-15T10:38:02.498-08:00,2025-11-15T10:38:02.480-08:00,2025-11-15T05:42:50.911-08:00,,,295.19281666666666,0.7,2025-11-15 13:42:50.911000+00:00,17.712880555555557,0.0564560911966605,0.5708870114894038,-2.874292089926749
bg2rxpyn1hc3,,,,,,,,,,,,statuspage,Dashboards Not Loading,resolved,major,2025-11-17T11:23:14.226-05:00,2025-11-17T13:10:04.934-05:00,2025-11-17T12:20:10.000-05:00,2025-11-17T11:23:14.220-05:00,Web Application,,56.92966666666667,0.7,2025-11-17 16:23:14.220000+00:00,50.673141388888894,0.0197343202452269,0.4071968259346561,-3.9253960145838276
3bmqzkljz8s3,,,,,,,,,,,,github,Disruption with some GitHub services,resolved,major,2025-11-17T16:52:18.279Z,2025-11-20T18:54:36.225Z,2025-11-17T19:08:41.666Z,2025-11-17T16:52:18.272Z,,,,0.7,2025-11-17 16:52:18.272000+00:00,0.4844588888888889,2.0641586374718184,,0.7247227039060183
7qg3jjsxcv7p,,,,,,,,,,,,statuspage,API Availability Issues,resolved,major,2025-11-17T13:57:19.152-08:00,2025-11-17T14:33:45.564-08:00,2025-11-17T14:33:45.551-08:00,2025-11-17T13:57:19.146-08:00,API,,36.44008333333333,0.7,2025-11-17 21:57:19.146000+00:00,5.083576111111111,0.1967119166002672,0.3634110724804921,-1.6260149728077014
ql19qqqmdf99,,,,,,,,,,,,github,Disruption with some GitHub services,resolved,minor,2025-11-17T23:01:06.613Z,2025-11-19T16:39:55.326Z,2025-11-18T00:10:50.824Z,2025-11-17T23:01:06.606Z,,,,0.4,2025-11-17 23:01:06.606000+00:00,1.0631833333333334,0.940571553980969,,-0.06126755234720247
2qnyjzzld58m,,,,,,,,,,,,statuspage,UI Irregularities in EU Region,resolved,none,2025-11-18T12:34:09.800Z,2025-11-18T20:19:20.781Z,2025-11-18T20:19:20.767Z,2025-11-18T12:34:09.793Z,,,465.1829,0.2,2025-11-18 12:34:09.793000+00:00,13.550885277777777,0.073795916613648,0.6163860891430742,-2.6064518793448697
r7919gwty4gc,,,,,,,,,,,,statuspage,Connectivity issues,resolved,none,2025-11-18T04:58:36.874-08:00,2025-11-18T11:29:55.858-08:00,2025-11-18T11:29:55.840-08:00,2025-11-18T04:58:36.867-08:00,,,391.3162166666667,0.2,2025-11-18 12:58:36.867000+00:00,0.4075205555555555,2.4538639496030874,0.5990809666338689,0.8976639044923111
29fsc4rhsscg,,,,,,,,,,,,statuspage,Delayed Monitors Notifications,resolved,minor,2025-11-18T08:17:44.575-05:00,2025-11-18T09:10:33.383-05:00,2025-11-18T08:53:58.019-05:00,2025-11-18T08:17:44.568-05:00,Monitors,,36.224183333333336,0.4,2025-11-18 13:17:44.568000+00:00,0.3188058333333333,3.1367054659706666,0.3628309338191717,1.1431730344501252
rv4s502gjxt6,,,,,,,,,,,,statuspage,DocSend impacted by ongoing Cloudflare outage,resolved,major,2025-11-18T14:38:23.260Z,2025-11-18T14:53:39.373Z,2025-11-18T14:53:39.066Z,2025-11-18T14:38:23.254Z,DocSend,,15.263533333333331,0.7,2025-11-18 14:38:23.254000+00:00,1.3440794444444444,0.744003640657815,0.2797677556646865,-0.2957093508037394
5q7nmlxz30sk,,,,,,,,,,,,github,Git operation failures,resolved,major,2025-11-18T20:39:46.416Z,2025-11-19T17:39:58.003Z,2025-11-18T21:59:21.165Z,2025-11-18T20:39:46.407Z,"Git Operations, Codespaces",,,0.7,2025-11-18 20:39:46.407000+00:00,6.023098055555555,0.1660275145408973,,-1.795601754114279
0l6104s8lb6x,,,,,,,,,,,,statuspage,Data Irregularities - EU Region,resolved,minor,2025-11-19T11:48:57.601Z,2025-11-19T18:21:25.774Z,2025-11-19T12:52:05.473Z,2025-11-19T11:48:57.581Z,"APM Agent : Europe, Browser Agent : Europe, Event API : Europe, Incident Intelligence API : Europe, Infrastructure Agent : Europe, Log API : Europe, Metric API : Europe, Mobile Agent : Europe, OTLP API : Europe, Trace API : Europe, Synthetics : Europe",,63.13153333333333,0.4,2025-11-19 11:48:57.581000+00:00,15.15310388888889,0.0659930801855886,0.4173993985312316,-2.718205388125303
zzl9nl31lb35,,,,,,,,,,,,github,Disruption with some GitHub services,resolved,minor,2025-11-19T16:13:21.797Z,2025-12-02T18:42:12.074Z,2025-11-21T00:22:14.266Z,2025-11-19T16:13:28.000Z,,,,0.4,,4.408449722222223,0.2268371112319088,,-1.4835230907441097
zs5ccnvqv64m,,,,,,,,,,,,github,Incident with Actions,resolved,minor,2025-11-19T17:48:17.313Z,2025-11-20T14:19:05.863Z,2025-11-19T18:07:20.741Z,2025-11-19T17:48:17.305Z,Actions,,,0.4,2025-11-19 17:48:17.305000+00:00,1.5803625,0.6327662166116951,,-0.45765425110349767
cvdjtf81756n,,,,,,,,,,,,statuspage,Web Application Not Loading,resolved,critical,2025-11-19T14:08:07.752-05:00,2025-11-19T14:44:17.780-05:00,2025-11-19T14:44:17.410-05:00,2025-11-19T14:08:07.747-05:00,Web Application,,36.16105,0.9,2025-11-19 19:08:07.747000+00:00,1.3306783333333334,0.7514964172408307,0.3626606541278622,-0.2856888372777435
cg3wwz9dw5dg,,,,,,,,,,,,github,Disruption with some GitHub services,resolved,minor,2025-11-20T18:04:25.435Z,2025-11-21T22:50:15.585Z,2025-11-20T19:24:33.877Z,2025-11-20T18:04:25.428Z,,,,0.4,2025-11-20 18:04:25.428000+00:00,22.938244722222223,0.0435953148163606,,-3.132805592741563
v6sx0dv6rv2x,,,,,,,,,,,,github,Disruption with some GitHub services,resolved,minor,2025-11-24T13:10:53.492Z,2025-11-25T22:22:08.675Z,2025-11-24T15:04:23.854Z,2025-11-24T13:10:53.486Z,Codespaces,,,0.4,2025-11-24 13:10:53.486000+00:00,91.10779388888888,0.0109760093765365,,-4.512043353722688
d4775b3j5mwm,,,,,,,,,,,,github,Incident with Copilot,resolved,major,2025-11-28T06:59:01.176Z,2025-12-02T01:35:25.023Z,2025-11-28T08:23:18.719Z,2025-11-28T06:59:01.150Z,Copilot,,,0.7,2025-11-28 06:59:01.150000+00:00,89.80212888888889,0.0111355934694742,,-4.497608682030373
wwprfgd2yl2w,,,,,,,,,,,,statuspage,Chat Functionality Degraded In Certain Regions,resolved,minor,2025-12-03T07:53:12.702-08:00,2025-12-03T10:29:26.903-08:00,2025-12-03T10:29:26.880-08:00,2025-12-03T07:53:12.696-08:00,,,156.23639999999995,0.4,2025-12-03 15:53:12.696000+00:00,128.90320722222222,0.0077577588762089,0.5073622580232846,-4.8590617911113485
rpjs6gtf6qwy,,,,,,,,,,,,statuspage,API and Homepage Availability Issues,resolved,major,2025-12-05T01:14:18.956-08:00,2025-12-05T01:22:58.759-08:00,2025-12-05T01:22:58.738-08:00,2025-12-05T01:14:18.950-08:00,,,8.663133333333333,0.7,2025-12-05 09:14:18.950000+00:00,41.35173722222222,0.0241827808738977,0.2275436366910448,-3.7221144332165115
3hdjjpkvz895,,,,,,,,,,,,github,Team synchronization is experiencing delays for non enterprise managed users,resolved,minor,2025-12-05T18:38:55.184Z,2025-12-10T16:38:05.822Z,2025-12-05T22:20:19.216Z,2025-12-05T18:38:55.177Z,,,,0.4,2025-12-05 18:38:55.177000+00:00,9.410063055555556,0.1062692135107017,,-2.241779654484036
r6fc6tyzr430,,,,,,,,,,,,github,Potential disruption with our Agent Control Plane UI Settings,resolved,major,2025-12-08T19:51:39.641Z,2025-12-12T19:56:45.416Z,2025-12-08T21:06:10.659Z,2025-12-08T19:51:39.635Z,,,,0.7,2025-12-08 19:51:39.635000+00:00,73.21234944444444,0.0136588978169431,,-4.293364114995068
n4fpndtvbmwb,,,,,,,,,,,,github,Disruption with some GitHub services,resolved,minor,2025-12-08T21:28:27.408Z,2025-12-12T04:37:56.487Z,2025-12-08T22:33:23.276Z,2025-12-08T21:28:27.403Z,,,,0.4,2025-12-08 21:28:27.403000+00:00,1.6132688888888889,0.6198594709706036,,-0.4782624863590304
xj87f6z9mm3w,,,,,,,,,,,,statuspage,Metrics data ingestion delayed and monitor evaluations degraded,resolved,minor,2025-12-09T15:16:17.223-05:00,2025-12-09T16:08:28.537-05:00,2025-12-09T16:08:28.161-05:00,2025-12-09T15:16:17.218-05:00,Metrics and Infra Monitoring,,52.18238333333333,0.4,2025-12-09 20:16:17.218000+00:00,22.79717083333333,0.0438650921779219,0.398619750672893,-3.126636442003749
znmz4zmsg1rv,,,,,,,,,,,,github,Some Actions customers experiencing run start delays,resolved,minor,2025-12-10T09:11:17.505Z,2025-12-12T22:37:11.898Z,2025-12-10T11:05:35.482Z,2025-12-10T09:11:17.497Z,Actions,,,0.4,2025-12-10 09:11:17.497000+00:00,12.916744166666668,0.0774188903253677,,-2.558524467113247
17lxd87h22fj,,,,,,,,,,,,github,Some macOS Actions jobs routing to Ubuntu instead,resolved,minor,2025-12-10T13:34:46.418Z,2025-12-19T14:09:44.180Z,2025-12-10T14:52:42.618Z,2025-12-10T13:34:46.411Z,Actions,,,0.4,2025-12-10 13:34:46.411000+00:00,4.391365,0.2277196270407948,,-1.4796401126979148
rvykb908cfkd,,,,,,,,,,,,statuspage,SMS Delivery Failures to Google Voice in United States of America for a Subset of Short Codes,resolved,minor,2025-12-10T15:42:35.523-08:00,2025-12-16T17:33:58.447-08:00,2025-12-16T17:33:58.430-08:00,2025-12-10T15:42:35.516-08:00,"SMS Short Code, North America",,8751.3819,0.4,2025-12-10 23:42:35.516000+00:00,10.130306944444444,0.0987136920415239,0.9105566752452284,-2.315531618338998
xntfc1fz5rfb,,,,,,,,,,,,github,We are investigating a rise in request failures on several services,resolved,minor,2025-12-11T15:47:36.917Z,2025-12-16T15:27:44.815Z,2025-12-11T17:53:22.711Z,2025-12-11T15:47:36.908Z,"Git Operations, Webhooks, API Requests, Issues, Pull Requests, Actions, Packages, Pages, Codespaces, Copilot",,,0.4,2025-12-11 15:47:36.908000+00:00,16.08372,0.0621746710338155,,-2.7778075802786724
40730vhmg6y8,,,,,,,,,,,,github,Disruptions in Login and Signup Flows,resolved,minor,2025-12-11T18:40:12.140Z,2025-12-11T20:17:58.162Z,2025-12-11T20:05:46.572Z,2025-12-11T18:40:12.133Z,,,,0.4,2025-12-11 18:40:12.133000+00:00,2.876451388888889,0.3476505821940132,,-1.0565573777829302
v00vcw7z5kq1,,,,,,,,,,,,statuspage,Flex Ui 2.15 Token Refresh Issue Calls Dropping,resolved,minor,2025-12-11T13:10:35.312-08:00,2025-12-15T08:41:50.768-08:00,2025-12-15T08:41:50.752-08:00,2025-12-11T13:10:35.305-08:00,Flex Application Platform,,5491.25745,0.4,2025-12-11 21:10:35.305000+00:00,2.506436666666666,0.3989727780873511,0.863811788247402,-0.9188620897647131
269qjrhygfs5,,,,,,,,,,,,statuspage,SMS Delivery Delays to Sercomtel Network in Brazil,resolved,minor,2025-12-11T14:25:56.541-08:00,2025-12-14T20:34:15.558-08:00,2025-12-14T20:34:15.540-08:00,2025-12-11T14:25:56.533-08:00,"SMS, Latin America",,4688.316783333333,0.4,2025-12-11 22:25:56.533000+00:00,1.2558966666666669,0.7962438523339235,0.8479569416583814,-0.22784979289929175
c4gh438m6pp3,,,,,,,,,,,,statuspage,Delayed APM metric ingestion,resolved,major,2025-12-12T13:37:34.103-05:00,2025-12-12T16:52:51.512-05:00,2025-12-12T16:52:51.132-05:00,2025-12-12T13:37:34.097-05:00,Metrics and Infra Monitoring,,195.28391666666667,0.7,2025-12-12 18:37:34.097000+00:00,20.193767777777776,0.0495202287658497,0.5296130427534862,-3.0053740309506813
jdf2jd1zlctb,,,,,,,,,,,,statuspage,SMS Delivery Failure to 9mobile Network in Nigeria,resolved,minor,2025-12-12T11:34:26.935-08:00,2025-12-14T21:16:14.620-08:00,2025-12-14T21:16:14.597-08:00,2025-12-12T11:34:26.924-08:00,"SMS, Middle East & Africa",,3461.79455,0.4,2025-12-12 19:34:26.924000+00:00,0.9480075,1.05484397539049,0.8175406923228644,0.053392865366004946
k95d6yq4tmly,,,,,,,,,,,,github,Webhooks delivery degradation,resolved,none,2025-12-03T22:30:00.000Z,2025-12-12T21:34:38.642Z,2025-12-03T22:30:00.000Z,2025-12-12T21:34:38.582Z,,,,0.2,2025-12-12 21:34:38.582000+00:00,2.003238333333333,0.4991917253979597,,-0.694765037789539
rxrmt186707r,,,,,,,,,,,,statuspage,Delayed Processes data,resolved,major,2025-12-12T16:49:44.306-05:00,2025-12-12T18:43:52.771-05:00,2025-12-12T18:43:52.417-05:00,2025-12-12T16:49:44.298-05:00,Metrics and Infra Monitoring,,114.13531666666668,0.7,2025-12-12 21:49:44.298000+00:00,0.2515877777777778,3.9747558837428074,0.4761002285846376,1.379963333325555
dp3k1brdr31t,,,,,,,,,,,,statuspage,SMS Delivery Delays to Vivo in Brazil,resolved,minor,2025-12-13T10:20:07.632-08:00,2025-12-15T12:43:35.051-08:00,2025-12-15T12:43:35.033-08:00,2025-12-13T10:20:07.624-08:00,"SMS, Latin America",,3023.456816666667,0.4,2025-12-13 18:20:07.624000+00:00,20.506479444444444,0.0487650746052812,0.8039637761022004,-3.0207409066653232
d8t4wf2r8jnf,,,,,,,,,,,,statuspage,SMS Delivery Failures to Liberty Mobile in Puerto Rico via Subset of Shortcodes,resolved,minor,2025-12-13T16:03:56.006-08:00,2025-12-15T09:35:56.389-08:00,2025-12-15T09:35:56.372-08:00,2025-12-13T16:03:55.999-08:00,"SMS, Latin America",,2492.0062166666667,0.4,2025-12-14 00:03:55.999000+00:00,5.730104166666667,0.1745168972349979,0.7845789118072043,-1.7457337097353476
fzfznythzksn,,,,,,,,,,,,statuspage,SMS Delivery Delays to Coop Network in Italy,resolved,minor,2025-12-13T23:51:32.451-08:00,2025-12-15T08:47:20.639-08:00,2025-12-15T08:47:20.624-08:00,2025-12-13T23:51:32.440-08:00,"SMS, Europe",,1975.8030666666664,0.4,2025-12-14 07:51:32.440000+00:00,7.793455833333333,0.1283127820809489,0.7613052660869281,-2.0532843858151515
xj8yqvn919tc,,,,,,,,,,,,statuspage,Call Quality Issue To a Subset to Twilio Phone Number in Mexico,resolved,minor,2025-12-14T10:59:10.529-08:00,2025-12-14T19:42:10.228-08:00,2025-12-14T19:42:10.212-08:00,2025-12-14T10:59:10.523-08:00,"Voice, Latin America",,522.9948166666667,0.4,2025-12-14 18:59:10.523000+00:00,11.127245277777778,0.0898695027418061,0.6281131503461126,-2.4093966304104373
5lcflsbgs9g7,,,,,,,,,,,,statuspage,MMS Delivery Delay To Rogers Wireless Network In Canada Via Subset of Long Code,resolved,minor,2025-12-14T12:19:08.684-08:00,2025-12-16T16:47:03.934-08:00,2025-12-16T16:47:03.918-08:00,2025-12-14T12:19:08.675-08:00,"MMS Long Code, North America",,3147.9207166666665,0.4,2025-12-14 20:19:08.675000+00:00,1.33282,0.7502888612115663,0.8080092572566426,-0.28729699832025335
g49gyyvttl02,,,,,,,,,,,,statuspage,SMS Delivery Failure to Multiple Networks in Japan via domestic pre-registered Sender ID,resolved,minor,2025-12-14T16:34:33.262-08:00,2025-12-14T21:26:53.396-08:00,2025-12-14T21:26:53.377-08:00,2025-12-14T16:34:33.253-08:00,"SMS, APAC",,292.3354,0.4,2025-12-15 00:34:33.253000+00:00,4.256827222222222,0.2349167461577082,0.5699145707664321,-1.4485240992763382
8j51v2nhvpf2,,,,,,,,,,,,statuspage,SMS Delivery Failures to Brazil via Subset of Shortcodes,resolved,minor,2025-12-14T22:55:34.016-08:00,2025-12-15T13:00:31.352-08:00,2025-12-15T13:00:31.329-08:00,2025-12-14T22:55:34.006-08:00,"SMS, Latin America",,844.9553833333333,0.4,2025-12-15 06:55:34.006000+00:00,6.350209166666667,0.1574751277877854,0.6761619475630725,-1.8484877519946488
mz703lywzb5b,,,,,,,,,,,,statuspage,SMS Delivery Delays to Tigo Network in Honduras,resolved,minor,2025-12-14T23:34:55.577-08:00,2025-12-15T08:43:31.476-08:00,2025-12-15T08:43:31.460-08:00,2025-12-14T23:34:55.569-08:00,"SMS Toll-Free, North America",,548.5981833333334,0.4,2025-12-15 07:34:55.569000+00:00,0.6559897222222223,1.524414127423236,0.6328986855822154,0.42161015750495534
jcbsbbfd1x9r,,,,,,,,,,,,github,Incident with Copilot Grok Code Fast 1,resolved,minor,2025-12-15T14:12:49.505Z,2025-12-19T14:26:09.816Z,2025-12-15T15:45:52.363Z,2025-12-15T14:12:49.499Z,Copilot,,,0.4,2025-12-15 14:12:49.499000+00:00,6.631647222222222,0.1507920983265009,,-1.8918532231465024
vf9vr3qns209,,,,,,,,,,,,statuspage,AccSec SNA API Failure For Indonesia Smartfren,resolved,minor,2025-12-15T08:23:12.029-08:00,2025-12-16T01:02:22.283-08:00,2025-12-16T01:02:22.267-08:00,2025-12-15T08:23:12.019-08:00,"Verify, Verify Silent Network Auth",,999.1708,0.4,2025-12-15 16:23:12.019000+00:00,2.172922222222222,0.4602097533787066,0.6929604439516374,-0.7760729078229563
qkr3gcys0lzx,,,,,,,,,,,,github,"Copilot Code Review is degraded, and not returning responses to users",resolved,major,2025-12-15T17:43:43.075Z,2025-12-19T22:30:23.678Z,2025-12-15T18:22:12.858Z,2025-12-15T17:43:43.068Z,,,,0.7,2025-12-15 17:43:43.068000+00:00,1.3419580555555557,0.7451797735854057,,-0.294129782886339
v6qnggjm7k4y,,,,,,,,,,,,statuspage,SMS Delivery Delays and Failures to Movistar Network in Chile via a subset of Long Codes,resolved,minor,2025-12-15T12:23:24.999-08:00,2025-12-15T16:45:41.313-08:00,2025-12-15T16:45:41.298-08:00,2025-12-15T12:23:24.990-08:00,"SMS, Latin America",,262.27180000000004,0.4,2025-12-15 20:23:24.990000+00:00,2.661645,0.375707504193835,0.5590676670617901,-0.9789443527027409
mqgf8h92g3yl,,,,,,,,,,,,statuspage,Elevated Timeouts and Latency in Porting Dbs,resolved,minor,2025-12-15T12:38:37.978-08:00,2025-12-15T22:21:22.713-08:00,2025-12-15T22:21:22.694-08:00,2025-12-15T12:38:38.000-08:00,PHONE NUMBERS,,582.7449,0.4,,0.2536138888888888,3.943001719586861,0.6389452652139177,1.3719422910066963
lnnr2qg8d2xf,,,,,,,,,,,,statuspage,SMS Delivery Delays to Zain/CelTel Network in Niger,resolved,minor,2025-12-15T23:15:00.155-08:00,2025-12-16T06:44:53.919-08:00,2025-12-16T06:44:53.901-08:00,2025-12-15T23:15:00.144-08:00,"SMS, Europe, SMS, Middle East & Africa",,449.89595,0.4,2025-12-16 07:15:00.144000+00:00,10.606151111111112,0.0942849097211513,0.6130414816651368,-2.3614341263139043
z8tjpt6jfvgx,,,,,,,,,,,,statuspage,Inbound Call Failures to Dominican Republic Phone Numbers,resolved,minor,2025-12-16T02:54:47.707-08:00,2025-12-16T10:59:35.562-08:00,2025-12-16T10:59:35.545-08:00,2025-12-16T02:54:47.699-08:00,"Voice, Latin America",,484.7974333333333,0.4,2025-12-16 10:54:47.699000+00:00,3.663209722222222,0.2729846434763684,0.6205203914534999,-1.2983397363816378
ngs7lsv73230,,,,,,,,,,,,statuspage,SMS Delivery Delays to Telenor Network in Myanmar,resolved,minor,2025-12-16T07:59:14.847-08:00,2025-12-16T10:54:38.716-08:00,2025-12-16T10:54:38.697-08:00,2025-12-16T07:59:14.839-08:00,"SMS, APAC",,175.39763333333337,0.4,2025-12-16 15:59:14.839000+00:00,5.074205555555555,0.1970751852780457,0.5188973763205351,-1.6241699718968343
v9c5920544zk,,,,,,,,,,,,statuspage,SMS Delivery Delays and Failures to Movistar Network in Chile via a Subset of Long Codes,resolved,minor,2025-12-16T08:45:22.764-08:00,2025-12-16T17:20:43.744-08:00,2025-12-16T17:20:43.724-08:00,2025-12-16T08:45:22.754-08:00,"SMS, Latin America",,515.3495,0.4,2025-12-16 16:45:22.754000+00:00,0.7688652777777778,1.3006179741791204,0.6266387447949046,0.26283951627062985
bdkwnsb0wcpb,,,,,,,,,,,,statuspage,Snoc Sms Delivery Delays to xphone network in Israel,resolved,minor,2025-12-16T13:00:48.000-08:00,2025-12-16T21:01:05.324-08:00,2025-12-16T21:01:05.307-08:00,2025-12-16T13:00:48.000-08:00,"SMS, SMS, Middle East & Africa",,480.28845,0.4,,4.257012777777778,0.2349065065578719,0.6195849696409813,-1.4485676884336594
p5g2by75lhwg,,,,,,,,,,,,statuspage,SMS Delivery Delays and Failures to MTN network in Nigeria,resolved,minor,2025-12-16T13:10:36.249-08:00,2025-12-16T17:29:51.537-08:00,2025-12-16T17:29:51.517-08:00,2025-12-16T13:10:36.236-08:00,"SMS, SMS, Middle East & Africa",,259.25468333333333,0.4,2025-12-16 21:10:36.236000+00:00,0.1633988888888889,6.1199926560088125,0.5579114243301716,1.8115608965249546
k5fqt0yjb968,,,,,,,,,,,,statuspage,SMS Delivery Delays to Smart in Philippines,resolved,minor,2025-12-16T16:39:40.099-08:00,2025-12-16T21:03:09.838-08:00,2025-12-16T20:59:27.000-08:00,2025-12-16T20:59:27.000-08:00,"SMS, APAC, SMS",,0.0,0.4,,7.8141011111111105,0.1279737727706222,0.0695322407169597,-2.055929936286954
6gmv7jj53tmz,,,,,,,,,,,,statuspage,MMS Delivery Delay To Rogers Wireless Network In Canada Via Subset of Long Code,resolved,minor,2025-12-17T00:11:35.889-08:00,2025-12-18T15:09:47.302-08:00,2025-12-18T15:09:47.286-08:00,2025-12-17T00:11:35.880-08:00,"MMS Long Code, North America",,2338.1901,0.4,2025-12-17 08:11:35.880000+00:00,3.2024666666666666,0.312259300122822,0.7781904724133443,-1.1639213461995843
4j8g9gmzncn5,,,,,,,,,,,,statuspage,"We are Experiencing a Disruption Impacting Usage Reporting, Account Creation and Multiple Billing Services",resolved,minor,2025-12-17T05:31:27.149-08:00,2025-12-17T12:26:04.511-08:00,2025-12-17T12:23:44.150-08:00,2025-12-17T05:31:27.140-08:00,"Console, Billing, Other",,412.2835,0.4,2025-12-17 13:31:27.140000+00:00,5.330905555555555,0.1875853904329366,0.6043038666412929,-1.6735211215995724
y9mkg422jsqp,,,,,,,,,,,,statuspage,Issues with the access to support tickets from Twilio Console,resolved,minor,2025-12-17T07:16:37.758-08:00,2025-12-17T09:54:04.046-08:00,2025-12-17T09:54:04.030-08:00,2025-12-17T07:16:37.750-08:00,Customer Support Center,,157.43800000000002,0.4,2025-12-17 15:16:37.750000+00:00,1.7529472222222222,0.5704678311605376,0.5081259415333185,-0.5612984983679126
mp4sbq8pfdbh,,,,,,,,,,,,statuspage,Customer Accounts Not Upgrading After Successful Payment Processing,resolved,minor,2025-12-17T08:38:54.813-08:00,2025-12-18T19:58:01.253-08:00,2025-12-18T19:58:01.234-08:00,2025-12-17T08:38:54.806-08:00,Other,,2119.1071333333334,0.4,2025-12-17 16:38:54.806000+00:00,1.3714044444444444,0.729179494824446,0.7683257984160883,-0.31583535667113316
jh6m8frrjvhl,,,,,,,,,,,,statuspage,SMS Delivery Delays to Smart Network in Philippines,resolved,minor,2025-12-17T09:17:19.769-08:00,2025-12-17T14:05:20.486-08:00,2025-12-17T14:05:20.470-08:00,2025-12-17T09:17:19.761-08:00,"SMS, APAC",,288.0118166666667,0.4,2025-12-17 17:17:19.761000+00:00,0.6402652777777778,1.5618526175131402,0.5684250019585,0.44587269198059704
l5vl9vchdqy5,,,,,,,,,,,,statuspage,Voice issues in some regions,resolved,minor,2025-12-17T09:49:43.930-08:00,2025-12-17T10:09:28.003-08:00,2025-12-17T10:09:27.981-08:00,2025-12-17T09:49:43.924-08:00,,,19.73428333333333,0.4,2025-12-17 17:49:43.924000+00:00,0.5400452777777778,1.8516965912837555,0.304130285429437,0.6161022952022165
hzbf6w9tpc2r,,,,,,,,,,,,statuspage,On Call Engineers are Investigating an issue with Identity services,resolved,none,2025-12-17T10:39:43.430-08:00,2025-12-17T10:45:29.325-08:00,2025-12-17T10:45:29.307-08:00,2025-12-17T10:39:43.423-08:00,,,5.764733333333334,0.2,2025-12-17 18:39:43.423000+00:00,0.8331941666666666,1.20020043347239,0.1917722189181137,0.18248857074000732
lctp4bzd37h2,,,,,,,,,,,,github,Incident With Copilot,resolved,none,2025-12-16T12:00:00.000Z,2025-12-17T19:04:34.045Z,2025-12-16T12:00:00.000Z,2025-12-17T19:04:33.986Z,,,,0.2,2025-12-17 19:04:33.986000+00:00,0.4140452777777778,2.41519479552357,,0.8817799445239247
bw181zxn5xzn,,,,,,,,,,,,statuspage,SMS Delivery Report Delays to Multiple Networks in Portugal,resolved,minor,2025-12-17T11:32:59.855-08:00,2025-12-17T16:54:27.744-08:00,2025-12-17T16:54:27.725-08:00,2025-12-17T11:32:59.848-08:00,"SMS, Europe",,321.4646166666667,0.4,2025-12-17 19:32:59.848000+00:00,0.4738505555555555,2.110370006483526,0.5794119571387047,0.7468632906374646
llq2vv33ghjq,,,,,,,,,,,,statuspage,Inbound SMS Delivery Failure's To A Subset Of Phone Numbers In Israel,resolved,minor,2025-12-18T01:03:31.356-08:00,2025-12-18T03:41:16.601-08:00,2025-12-18T03:41:16.586-08:00,2025-12-18T01:03:31.348-08:00,"SMS, Middle East & Africa",,157.75396666666666,0.4,2025-12-18 09:03:31.348000+00:00,13.50875,0.0740260941982048,0.5083257942205353,-2.6033376236352392
x696x0g4t85l,,,,,,,,,,,,github,Intermittent networking failures across GitHub-hosted Actions runners,resolved,major,2025-12-18T16:33:57.000Z,2025-12-19T21:15:46.075Z,2025-12-18T17:41:41.496Z,2025-12-18T16:33:57.000Z,Actions,,,0.7,,7.507125555555555,0.133206777027988,,-2.015852643581621
49y7x9g06l4x,,,,,,,,,,,,github,Disruption with some GitHub services,resolved,major,2025-12-18T17:36:08.356Z,2025-12-23T21:43:04.439Z,2025-12-18T19:09:50.565Z,2025-12-18T17:36:08.350Z,Copilot,,,0.7,2025-12-18 17:36:08.350000+00:00,1.036486111111111,0.964798263363126,,-0.035836253007595985
mlypv4cl4cl7,,,,,,,,,,,,statuspage,SMS Delivery Delays to Multiple Networks in Botswana for a Subset of Longcodes,resolved,minor,2025-12-18T11:50:26.000-08:00,2025-12-18T17:43:38.594-08:00,2025-12-18T17:43:38.577-08:00,2025-12-18T11:50:26.000-08:00,"SMS, Middle East & Africa",,353.2096166666667,0.4,,2.238236111111111,0.4467803888230439,0.5888309693967743,-0.805688105268203
5lbmpprx9sxk,,,,,,,,,,,,statuspage,SMS Delivery Delays to MTN Network in Nigeria,resolved,major,2025-12-18T12:11:48.561-08:00,2025-12-18T17:35:48.134-08:00,2025-12-18T17:35:48.113-08:00,2025-12-18T12:11:48.553-08:00,"SMS, Middle East & Africa",,323.9926666666667,0.7,2025-12-18 20:11:48.553000+00:00,0.3562647222222223,2.8069015471485383,0.5801953281659097,1.0320812227170906
dhbjzkcbq659,,,,,,,,,,,,statuspage,On Call Engineers are Investigating an issue with CTM Numbers Ported are Losing Campaign Details out of the Numbers,resolved,none,2025-12-18T13:10:50.807-08:00,2025-12-18T13:14:18.921-08:00,2025-12-18T13:14:18.905-08:00,2025-12-18T13:10:50.799-08:00,,,3.468433333333333,0.2,2025-12-18 21:10:50.799000+00:00,0.9839572222222224,1.016304344757535,0.1501735849695958,0.01617285622627721
cv7wgq8z22ld,,,,,,,,,,,,statuspage,SMS Delivery Delays to Telenor Network in Hungary,resolved,minor,2025-12-18T13:29:08.282-08:00,2025-12-18T17:37:40.293-08:00,2025-12-18T17:37:40.278-08:00,2025-12-18T13:29:08.276-08:00,"SMS, APAC",,248.53336666666667,0.4,2025-12-18 21:29:08.276000+00:00,0.3048547222222222,3.2802509756468696,0.5536914163320479,1.1879199364342876
f8ld20hltt3w,,,,,,,,,,,,statuspage,Alert Irregularities in the US Region,resolved,major,2025-12-18T23:30:29.215Z,2025-12-19T02:21:49.536Z,2025-12-19T02:21:49.518Z,2025-12-18T23:30:29.207Z,"Infrastructure : US, Infrastructure : Europe",,171.33851666666666,0.7,2025-12-18 23:30:29.207000+00:00,2.0224808333333333,0.4944422629468676,0.5165620641724588,-0.7043248931853746
26c2nr48pzyh,,,,,,,,,,,,statuspage,On Call Engineers are Investigating an issue with Delivery delays from SC,resolved,none,2025-12-18T17:00:15.189-08:00,2025-12-18T17:24:11.474-08:00,2025-12-18T17:24:11.462-08:00,2025-12-18T17:00:15.181-08:00,,,23.938016666666663,0.2,2025-12-19 01:00:15.181000+00:00,1.496103888888889,0.6684027810011708,0.3226487062176624,-0.40286432158557617
2h2vljfzvvhj,,,,,,,,,,,,statuspage,SMS Delivery Delays To Telecom of Kosovo J.S.C (Vala) Network In Kosovo,resolved,minor,2025-12-18T23:18:37.000-08:00,2025-12-19T07:36:27.999-08:00,2025-12-19T07:36:27.982-08:00,2025-12-18T23:18:37.000-08:00,"SMS, Europe",,497.8497,0.4,,6.306060833333333,0.1585776012045554,0.6231800232494157,-1.8415112079734735
mlr7s33b8d4b,,,,,,,,,,,,statuspage,SMS Delivery Delays to Smart Network in Philippines via Domestic Pre-Registered Sender ID,resolved,minor,2025-12-18T23:34:17.110-08:00,2025-12-19T14:40:26.469-08:00,2025-12-19T14:40:26.451-08:00,2025-12-18T23:34:17.101-08:00,"SMS, APAC",,906.1558333333334,0.4,2025-12-19 07:34:17.101000+00:00,0.2611391666666666,3.8293757798364223,0.6831686298013818,1.3427018081436362
8gxdd28chg85,,,,,,,,,,,,statuspage,SMS Delivery Delays and Failures to MTN in Afghanistan,resolved,minor,2025-12-19T04:54:29.403-08:00,2025-12-19T12:12:43.704-08:00,2025-12-19T12:12:43.690-08:00,2025-12-19T04:54:29.395-08:00,"SMS, Middle East & Africa",,438.23825,0.4,2025-12-19 12:54:29.395000+00:00,5.336748333333333,0.1873800182320757,0.6104137986187456,-1.6746165411590905
75zqbk3clh2v,,,,,,,,,,,,statuspage,SMS Delivery Failures to Multiple Networks in Multiple European and Asian Countries,resolved,minor,2025-12-19T05:40:07.672-08:00,2025-12-19T15:13:49.374-08:00,2025-12-19T15:13:49.354-08:00,2025-12-19T05:40:07.664-08:00,"SMS, APAC, SMS, Europe",,573.6948333333333,0.4,2025-12-19 13:40:07.664000+00:00,0.7606302777777777,1.3146991767426794,0.6373778721211965,0.2736078765261732
bzcd79g0gmbk,,,,,,,,,,,,statuspage,SMS Delivery Delays to the US Cellular Network in the United States,resolved,minor,2025-12-19T06:11:03.305-08:00,2025-12-19T09:05:19.932-08:00,2025-12-19T09:05:19.917-08:00,2025-12-19T06:20:04.000-08:00,"SMS Long Code, North America, SMS Short Code, North America, SMS Toll-Free, North America",,165.26528333333331,0.4,,0.6656488888888888,1.502293501412156,0.5129631998265812,0.4069929413178193
0bqv1qjc33d6,,,,,,,,,,,,statuspage,Elevated Call Failures over Twilio Interconnect in US1 region,resolved,minor,2025-12-19T08:02:32.547-08:00,2025-12-19T15:27:07.183-08:00,2025-12-19T15:27:07.162-08:00,2025-12-19T08:02:32.541-08:00,"PSTN US1, SIP Interface US1, Client Web US1, Client Mobile US1",,444.5770166666667,0.4,2025-12-19 16:02:32.541000+00:00,1.7079280555555556,0.585504756331624,0.6118511082889135,-0.5352809724391473
bpstlx1v3d7z,,,,,,,,,,,,statuspage,MMS Delivery Delays to Multiple Networks in the US and CA for a subset of Long codes,resolved,minor,2025-12-19T08:12:32.180-08:00,2025-12-19T13:12:16.390-08:00,2025-12-19T13:12:16.374-08:00,2025-12-19T08:12:32.172-08:00,"MMS Long Code, North America",,299.73670000000004,0.4,2025-12-19 16:12:32.172000+00:00,0.1665641666666666,6.00369227074651,0.5724142373380704,1.792374658418127
xt705bsck7sk,,,,,,,,,,,,statuspage,Investigating slow and failing requests,resolved,major,2025-12-19T14:55:38.534-08:00,2025-12-19T15:23:14.738-08:00,2025-12-19T15:23:14.719-08:00,2025-12-19T14:55:38.527-08:00,,,27.6032,0.7,2025-12-19 22:55:38.527000+00:00,6.718431944444444,0.1488442553663005,0.3364042573660792,-1.9048547857061424
vwg788h45k6p,,,,,,,,,,,,statuspage,SMS Delivery Delays to XPhone Network in Israel,resolved,minor,2025-12-19T15:23:58.339-08:00,2025-12-19T19:01:06.279-08:00,2025-12-19T19:01:06.257-08:00,2025-12-19T15:23:58.330-08:00,"SMS, Middle East & Africa",,217.13211666666663,0.4,2025-12-19 23:23:58.330000+00:00,0.4721675,2.117892485187989,0.5402000381519451,0.7504214834677134
x38gn3k9djbt,,,,,,,,,,,,statuspage,MMS Delivery Delays and Failures To and From a Subset of Longcodes in Australia,resolved,minor,2025-12-20T01:33:35.931-08:00,2025-12-21T00:04:56.151-08:00,2025-12-21T00:04:56.131-08:00,2025-12-20T01:33:35.923-08:00,"MMS, APAC",,1351.3368,0.4,2025-12-20 09:33:35.923000+00:00,10.1604425,0.0984209103097625,0.7232214389383604,-2.318501994351532
s1zpwj6ds8hy,,,,,,,,,,,,statuspage,SMS Delivery Failure to Twilio Phone Numbers in Mexico via Subset of Shortcodes,resolved,minor,2025-12-20T10:25:50.933-08:00,2025-12-21T12:09:26.503-08:00,2025-12-21T12:09:26.488-08:00,2025-12-20T10:25:50.927-08:00,"SMS, Latin America",,1543.5926833333333,0.4,2025-12-20 18:25:50.927000+00:00,8.870834444444444,0.1127289666223307,0.7365557718001077,-2.182768866805904
fn55v4zt8kfw,,,,,,,,,,,,statuspage,SMS Delivery Delays to Entel in Peru,resolved,minor,2025-12-20T17:38:05.000-08:00,2025-12-20T21:50:33.228-08:00,2025-12-20T21:50:33.209-08:00,2025-12-20T17:38:05.000-08:00,SMS,,252.47015,0.4,,7.203909166666667,0.1388135215012312,0.5552616710952427,-1.9746238184983316
h0gbzkc62xpf,,,,,,,,,,,,statuspage,SMS Delivery Failures to Maxis Network in Malaysia,resolved,minor,2025-12-20T20:59:59.481-08:00,2025-12-21T04:31:10.394-08:00,2025-12-21T04:31:10.375-08:00,2025-12-20T20:59:59.473-08:00,"SMS, APAC",,451.1817,0.4,2025-12-21 04:59:59.473000+00:00,3.365131388888889,0.2971652171745316,0.6133271239457384,-1.2134670080666372
01y13wylc7t4,,,,,,,,,,,,statuspage,SMS Delivery Failure to Multiple Networks in Mexico via Subset of Short Codes,resolved,minor,2025-12-22T07:03:14.000-08:00,2025-12-22T12:17:55.960-08:00,2025-12-22T12:17:55.943-08:00,2025-12-22T07:03:14.000-08:00,"SMS Short Code, North America",,314.69905,0.4,,34.05403527777778,0.0293650955560193,0.577284900106609,-3.5279485359343075
y2wxzcfbgbn2,,,,,,,,,,,,github,Disruption with some GitHub services,resolved,major,2025-12-22T22:31:51.583Z,2025-12-23T00:17:33.810Z,2025-12-23T00:17:33.794Z,2025-12-22T22:31:51.575Z,Issues,,,0.7,2025-12-22 22:31:51.575000+00:00,7.477104166666667,0.1337416167689697,,-2.0118455735332352
gj46qdymv8qy,,,,,,,,,,,,statuspage,SMS Delivery Report Delays to Asiacell network in Iran,resolved,minor,2025-12-22T16:53:06.882-08:00,2025-12-22T18:23:12.332-08:00,2025-12-22T18:23:12.314-08:00,2025-12-22T16:53:06.874-08:00,"SMS, Middle East & Africa",,90.09066666666666,0.4,2025-12-23 00:53:06.874000+00:00,2.3542497222222223,0.4247637752957152,0.4526014400707287,-0.856222087418105
ccrzb3ms9j2d,,,,,,,,,,,,github,Incident with Issues and Pull Requests,resolved,minor,2025-12-23T09:56:51.104Z,2025-12-23T10:32:24.956Z,2025-12-23T10:32:24.940Z,2025-12-23T09:56:51.093Z,"Issues, Pull Requests",,,0.4,2025-12-23 09:56:51.093000+00:00,9.062283055555556,0.1103474691608709,,-2.2041210811969405
6bmbzc92b5rf,,,,,,,,,,,,statuspage,SMS Delivery Delays to Bell Network in Canada for a Subset of Toll Free Numbers,resolved,minor,2025-12-24T10:11:23.477-08:00,2025-12-24T12:58:53.724-08:00,2025-12-24T12:58:53.707-08:00,2025-12-24T10:11:23.469-08:00,"SMS Toll-Free, North America",,167.50396666666666,0.4,2025-12-24 18:11:23.469000+00:00,32.24232666666667,0.0310151314555669,0.5143048655980282,-3.473280082114744
