SST (h),Natural Failures,Hard Capacity Removal (%),Natural Loss (%),Total Loss (%),Final Capacity (%),Throttled Load (%),Dropped Load (%),Operational Nodes,alpha,Method,Scenario
4.583333333333333,42,0.0,40.283203280627355,40.283203280627355,59.71678981517727,0.0,0.09222783821371426,58,0.5,No Defence,1
4.266666666666667,39,0.0,41.25808624691634,41.25808624691634,58.7419145382629,0.0,0.10304612116181973,61,0.5,No Defence,2
4.15,41,0.0,41.48362750074635,41.48362750074635,58.51636331216722,0.0,0.1175032054054084,59,0.5,No Defence,3
3.5666666666666664,39,0.0,40.40201848610379,40.40201848610379,59.59797989799408,0.0,0.11682431429107072,61,0.5,No Defence,4
5.033333333333333,44,0.0,40.75940280380584,40.75940280380584,59.240583923708115,0.0,0.08658997249716904,56,0.5,No Defence,5
3.8666666666666667,34,0.0,41.04703141474542,41.04703141474542,58.952966632221425,0.0,0.1208954211163736,66,0.5,No Defence,6
4.2,42,0.0,41.24872115596093,41.24872115596093,58.751276929230926,0.0,0.11250978785460966,58,0.5,No Defence,7
5.366666666666666,43,0.0,40.743651801418615,40.743651801418615,59.25634846623413,0.0,0.07816270037337031,57,0.5,No Defence,8
3.3666666666666667,38,0.0,40.217308533472035,40.217308533472035,59.782691833982284,0.0,0.12870435946357203,62,0.5,No Defence,9
4.233333333333333,42,0.0,40.32871752523462,40.32871752523462,59.67128624516753,0.0,0.09919904223926505,58,0.5,No Defence,10
5.383333333333333,42,0.0,41.36367677395121,41.36367677395121,58.636317312533414,0.0,0.08220059286470381,58,0.5,No Defence,11
4.416666666666667,42,0.0,40.59772917485079,40.59772917485079,59.40225778895304,0.0,0.1014319011710439,58,0.5,No Defence,12
3.7333333333333334,38,0.0,40.846201978994,40.846201978994,59.15379181508483,0.0,0.11397897307529149,62,0.5,No Defence,13
4.533333333333333,40,0.0,41.80736759583312,41.80736759583312,58.19262745316634,0.0,0.10321629651063628,60,0.5,No Defence,14
4.033333333333333,36,0.0,40.004883734691774,40.004883734691774,59.995119561482234,0.0,0.10788404822542165,64,0.5,No Defence,15
5.216666666666667,41,0.0,40.204459385451386,40.204459385451386,59.79553532744949,0.0,0.08619242799457284,59,0.5,No Defence,16
4.45,41,0.0,40.56903708890063,40.56903708890063,59.430961658295715,0.0,0.0996453369617963,59,0.5,No Defence,17
5.55,39,0.0,40.978312688071945,40.978312688071945,59.021682812102895,0.0,0.08007510892629607,61,0.5,No Defence,18
4.483333333333333,38,0.0,40.1243280248169,40.1243280248169,59.875671640932815,0.0,0.09384491908716258,62,0.5,No Defence,19
3.6166666666666667,37,0.0,40.24972994539027,40.24972994539027,59.75027261470506,0.0,0.1149594643011499,63,0.5,No Defence,20
3.3333333333333335,37,0.0,40.15166546007281,40.15166546007281,59.84834401530622,0.0,0.12091753791415992,63,0.5,No Defence,21
5.433333333333334,39,0.0,40.80316566501371,40.80316566501371,59.19684554342145,0.0,0.08120175680688012,61,0.5,No Defence,22
3.0833333333333335,39,0.0,40.692811278205326,40.692811278205326,59.30718861508824,0.0,0.13580108872390584,61,0.5,No Defence,23
4.583333333333333,41,0.0,40.61019275666245,40.61019275666245,59.38980930698763,0.0,0.09489194736876227,59,0.5,No Defence,24
5.0,44,0.0,41.43359878607251,41.43359878607251,58.56640503694398,0.0,0.08649184867496232,56,0.5,No Defence,25
4.166666666666667,43,0.0,40.329397386838,40.329397386838,59.6706018722152,0.0,0.10461946731017999,57,0.5,No Defence,26
4.15,41,0.0,41.333801113995804,41.333801113995804,58.66620736297528,0.0,0.10444807040963014,59,0.5,No Defence,27
4.466666666666667,44,0.0,40.31434420413976,40.31434420413976,59.685657716571136,0.0,0.0975589092133453,56,0.5,No Defence,28
5.233333333333333,41,0.0,40.47424015289324,40.47424015289324,59.52575926333108,0.0,0.08114142304994242,59,0.5,No Defence,29
4.483333333333333,46,0.0,40.212002254051136,40.212002254051136,59.78800915469535,0.0,0.09540446272883735,54,0.5,No Defence,30
3.8666666666666667,36,0.0,40.14663742214843,40.14663742214843,59.85335983868888,0.0,0.11059174281750309,64,0.5,No Defence,31
4.016666666666667,43,0.0,40.12266452637972,40.12266452637972,59.8773387097989,0.0,0.10918695319251537,57,0.5,No Defence,32
4.883333333333333,43,0.0,41.19580673636085,41.19580673636085,58.804190107585896,0.0,0.09113420261154137,57,0.5,No Defence,33
5.216666666666667,43,0.0,40.50568333574998,40.50568333574998,59.494310965557354,0.0,0.08911227641665334,57,0.5,No Defence,34
5.033333333333333,44,0.0,40.22830614523401,40.22830614523401,59.771692855216195,0.0,0.08766784224580962,56,0.5,No Defence,35
4.8,42,0.0,40.26444906676526,40.26444906676526,59.73553981043004,0.0,0.09054512778107511,58,0.5,No Defence,36
3.65,41,0.0,40.11836591531737,40.11836591531737,59.88163076904467,0.0,0.11591300936137353,59,0.5,No Defence,37
4.883333333333333,41,0.0,41.31372120240818,41.31372120240818,58.686289084171285,0.0,0.08760718484003686,59,0.5,No Defence,38
3.033333333333333,36,0.0,40.8051552401493,40.8051552401493,59.194837391326814,0.0,0.14017138712804578,64,0.5,No Defence,39
4.583333333333333,43,0.0,41.284846434301734,41.284846434301734,58.715149776253604,0.0,0.0975444331968845,57,0.5,No Defence,40
4.75,42,0.0,41.15493915588411,41.15493915588411,58.84505207239226,0.20631574721884702,0.19551273675838693,58,0.5,Heuristic Pruning (Graceful Drain),1
5.3,40,0.0,41.1063851600451,41.1063851600451,58.893615625134146,0.19774882758016693,0.1849978845558529,60,0.5,Heuristic Pruning (Graceful Drain),2
5.15,41,0.0,42.728390331405436,42.728390331405436,57.2715996163565,0.20805784985779718,0.19483161598114176,59,0.5,Heuristic Pruning (Graceful Drain),3
3.75,40,0.0,40.38647541025649,40.38647541025649,59.61352591895333,0.26523129741835205,0.24206524214558708,60,0.5,Heuristic Pruning (Graceful Drain),4
5.316666666666666,43,0.0,40.313645620791114,40.313645620791114,59.686341544578035,0.194113626693643,0.18023855572167613,57,0.5,Heuristic Pruning (Graceful Drain),5
4.016666666666667,33,0.0,40.13331028965558,40.13331028965558,59.866684530560846,0.22765554727047066,0.2172568914351493,67,0.5,Heuristic Pruning (Graceful Drain),6
4.2,41,0.0,40.74508065964843,40.74508065964843,59.25491562337106,0.2398759696194263,0.22406854015778618,59,0.5,Heuristic Pruning (Graceful Drain),7
5.183333333333334,43,0.0,40.62209473648238,40.62209473648238,59.3779013557875,0.2154055140569272,0.19112625137200331,57,0.5,Heuristic Pruning (Graceful Drain),8
3.5833333333333335,39,0.0,40.76766758580862,40.76766758580862,59.232333858666976,0.28111052093196504,0.26160105000166645,61,0.5,Heuristic Pruning (Graceful Drain),9
4.466666666666667,42,0.0,40.6658236523348,40.6658236523348,59.33417891153867,0.2376416493792794,0.21018111107139256,58,0.5,Heuristic Pruning (Graceful Drain),10
5.383333333333333,42,0.0,41.36367677395121,41.36367677395121,58.636317312533414,0.20650555495940595,0.18280106713683167,58,0.5,Heuristic Pruning (Graceful Drain),11
5.133333333333333,40,0.0,40.75676118883522,40.75676118883522,59.243224218014014,0.21149092167483405,0.1940448259724992,60,0.5,Heuristic Pruning (Graceful Drain),12
3.8,37,0.0,40.22821809240897,40.22821809240897,59.771781986815554,0.2812617435985244,0.24800093790721725,63,0.5,Heuristic Pruning (Graceful Drain),13
4.533333333333333,37,0.0,40.1918472014021,40.1918472014021,59.80814961025723,0.2401255703193051,0.21905829614748476,63,0.5,Heuristic Pruning (Graceful Drain),14
4.3,36,0.0,40.59136513020237,40.59136513020237,59.408636839462595,0.25604631398147276,0.22978723458088318,64,0.5,Heuristic Pruning (Graceful Drain),15
5.983333333333333,40,0.0,41.00404211985927,41.00404211985927,58.99594816476061,0.1806594312980682,0.1625312559270028,60,0.5,Heuristic Pruning (Graceful Drain),16
4.466666666666667,41,0.0,40.766885751450275,40.766885751450275,59.23311594972523,0.23568709953586567,0.2121786706511849,59,0.5,Heuristic Pruning (Graceful Drain),17
5.816666666666666,40,0.0,40.86259187594422,40.86259187594422,59.137402278488516,0.18240233731207262,0.1655699231396355,60,0.5,Heuristic Pruning (Graceful Drain),18
5.133333333333333,38,0.0,41.00498408846674,41.00498408846674,58.99501186041971,0.19685306165635735,0.18320273975194126,62,0.5,Heuristic Pruning (Graceful Drain),19
5.166666666666667,40,0.0,41.32689073021598,41.32689073021598,58.673108735258616,0.2135144083748515,0.19890303590337208,60,0.5,Heuristic Pruning (Graceful Drain),20
4.45,40,0.0,40.42862680684547,40.42862680684547,59.571378631198144,0.24084681172577097,0.2192067833107597,60,0.5,Heuristic Pruning (Graceful Drain),21
5.85,39,0.0,41.78165194664905,41.78165194664905,58.21836062301726,0.1762936436013562,0.16611094576087487,61,0.5,Heuristic Pruning (Graceful Drain),22
3.1666666666666665,40,0.0,40.629909212050876,40.629909212050876,59.37008760200012,0.33876586685938437,0.29907461877248703,60,0.5,Heuristic Pruning (Graceful Drain),23
5.15,40,0.0,40.394840870917285,40.394840870917285,59.60516196833283,0.18561864626379806,0.1755135429917493,60,0.5,Heuristic Pruning (Graceful Drain),24
5.766666666666667,44,0.0,40.00466389970307,40.00466389970307,59.99533966558197,0.18197573373193002,0.1623345185304626,56,0.5,Heuristic Pruning (Graceful Drain),25
4.4,44,0.0,41.125837397382725,41.125837397382725,58.87416134440573,0.23360927397476117,0.21952971180406264,56,0.5,Heuristic Pruning (Graceful Drain),26
5.05,39,0.0,40.2157221384072,40.2157221384072,59.78428177087558,0.21681482038894895,0.19797464786821187,61,0.5,Heuristic Pruning (Graceful Drain),27
5.766666666666667,43,0.0,40.44378731375988,40.44378731375988,59.556212170927445,0.20398039365256848,0.17853275900281468,57,0.5,Heuristic Pruning (Graceful Drain),28
5.233333333333333,41,0.0,40.47424015289324,40.47424015289324,59.52575926333108,0.1868011096646848,0.1757211694234213,59,0.5,Heuristic Pruning (Graceful Drain),29
5.416666666666667,45,0.0,40.234565344469154,40.234565344469154,59.76543896673395,0.18371224241772569,0.16886114911936723,55,0.5,Heuristic Pruning (Graceful Drain),30
3.8666666666666667,36,0.0,40.14663742214843,40.14663742214843,59.85335983868888,0.2716560330683974,0.24522029941219137,64,0.5,Heuristic Pruning (Graceful Drain),31
4.083333333333333,43,0.0,40.402457233958344,40.402457233958344,59.597552121539856,0.28168153860858136,0.24530260576379684,57,0.5,Heuristic Pruning (Graceful Drain),32
4.883333333333333,42,0.0,40.117272247919885,40.117272247919885,59.882728804097866,0.19327496832841395,0.18225843177310685,58,0.5,Heuristic Pruning (Graceful Drain),33
5.333333333333333,42,0.0,40.051706059777274,40.051706059777274,59.94828824153006,0.1861208886582258,0.17029580640139735,58,0.5,Heuristic Pruning (Graceful Drain),34
5.216666666666667,43,0.0,40.03075729956397,40.03075729956397,59.9692396429896,0.21029302248329532,0.18480280836742946,57,0.5,Heuristic Pruning (Graceful Drain),35
5.133333333333333,42,0.0,40.19277645387926,40.19277645387926,59.807214639130336,0.18307221825703482,0.17096858493797973,58,0.5,Heuristic Pruning (Graceful Drain),36
3.6999999999999997,42,0.0,41.531490465099374,41.531490465099374,58.46850726630623,0.30178557556275803,0.2676295111910119,58,0.5,Heuristic Pruning (Graceful Drain),37
4.883333333333333,40,0.0,40.777399949724966,40.777399949724966,59.22260622222271,0.18533891346148673,0.17616677209784315,60,0.5,Heuristic Pruning (Graceful Drain),38
3.283333333333333,36,0.0,40.551474009197044,40.551474009197044,59.44852225155203,0.3202752937119607,0.2926961481324853,64,0.5,Heuristic Pruning (Graceful Drain),39
5.083333333333333,43,0.0,40.837163977291304,40.837163977291304,59.16283369832813,0.20447083880878117,0.18318310511961744,57,0.5,Heuristic Pruning (Graceful Drain),40
5.95,39,0.0,40.47148334831219,40.47148334831219,59.528503126255885,13.26091778423653,6.6772947447114355,61,0.5,GAT-SAC (Ours),1
7.75,39,0.0,40.64965348834529,40.64965348834529,59.35035286907372,13.265370457377163,6.70303552668455,61,0.5,GAT-SAC (Ours),2
7.1499999999999995,40,0.0,40.508443750338806,40.508443750338806,59.49155212989149,13.263943832538768,6.758074148659719,60,0.5,GAT-SAC (Ours),3
7.25,41,0.0,41.19327993803343,41.19327993803343,58.80672079172883,13.258875595423763,6.658747013872851,59,0.5,GAT-SAC (Ours),4
9.766666666666666,44,0.0,40.922813761570325,40.922813761570325,59.077176359321506,13.273675154010217,6.698360022057058,56,0.5,GAT-SAC (Ours),5
7.6499999999999995,41,0.0,41.318457918967255,41.318457918967255,58.681540991296856,13.276044142693516,6.6884816116506745,59,0.5,GAT-SAC (Ours),6
6.633333333333333,40,0.0,40.65468825544813,40.65468825544813,59.345312589320166,13.2712228704474,6.710239950326827,60,0.5,GAT-SAC (Ours),7
6.4,41,0.0,41.41569332425227,41.41569332425227,58.584306247503335,13.266413209199321,6.658086724696892,59,0.5,GAT-SAC (Ours),8
5.816666666666666,40,0.0,40.90134718829186,40.90134718829186,59.09864657765556,13.267657272370231,6.693585502109979,60,0.5,GAT-SAC (Ours),9
7.1499999999999995,39,0.0,40.09233346895788,40.09233346895788,59.907669346275725,13.273859348725212,6.675364199328396,61,0.5,GAT-SAC (Ours),10
6.466666666666667,38,0.0,40.71389095708839,40.71389095708839,59.28610657386654,13.27510496135983,6.676003644916073,62,0.5,GAT-SAC (Ours),11
6.6,39,0.0,40.13960283027536,40.13960283027536,59.86038877800323,13.269053872603868,6.727820080076019,61,0.5,GAT-SAC (Ours),12
6.05,40,0.0,40.89519944311623,40.89519944311623,59.104798523454285,13.265258902047993,6.656895951106105,60,0.5,GAT-SAC (Ours),13
5.3,36,0.0,41.32791589151106,41.32791589151106,58.672084212174816,13.266570868985758,6.774588798626,64,0.5,GAT-SAC (Ours),14
5.6,36,0.0,40.24724496503684,40.24724496503684,59.75275783537116,13.268479757506151,6.684783632456362,64,0.5,GAT-SAC (Ours),15
9.75,40,0.0,40.778075314365225,40.778075314365225,59.22191352099907,13.26343660400757,6.637545846391767,60,0.5,GAT-SAC (Ours),16
7.3999999999999995,44,0.0,40.35192860088035,40.35192860088035,59.648070686999674,13.265756540947017,6.734724193718261,56,0.5,GAT-SAC (Ours),17
8.966666666666667,42,0.0,40.986704231180944,40.986704231180944,59.0132889700178,13.275962141623038,6.751467543366707,58,0.5,GAT-SAC (Ours),18
6.266666666666667,36,0.0,40.26227889626613,40.26227889626613,59.73771536799886,13.26027484778503,6.706897650171582,64,0.5,GAT-SAC (Ours),19
6.683333333333334,37,0.0,40.044523675662575,40.044523675662575,59.95547995348355,13.272209385203674,6.666756206896396,63,0.5,GAT-SAC (Ours),20
6.133333333333333,40,0.0,40.40045485708391,40.40045485708391,59.599558902814344,13.273988963316915,6.751791434300918,60,0.5,GAT-SAC (Ours),21
7.533333333333333,40,0.0,40.48308021315522,40.48308021315522,59.5169311111294,13.265719674602375,6.667791178059261,60,0.5,GAT-SAC (Ours),22
6.083333333333333,42,0.0,40.72789676263777,40.72789676263777,59.27210207883532,13.268096043969397,6.744605964984462,58,0.5,GAT-SAC (Ours),23
6.216666666666667,40,0.0,40.37816076125542,40.37816076125542,59.62184047139463,13.256778990346954,6.6629036678324605,60,0.5,GAT-SAC (Ours),24
7.75,43,0.0,41.177763009536676,41.177763009536676,58.82223958209622,13.26958395348301,6.661857495139562,57,0.5,GAT-SAC (Ours),25
5.45,44,0.0,41.38589244473067,41.38589244473067,58.614110379255244,13.263427568277164,6.779225331077196,56,0.5,GAT-SAC (Ours),26
7.316666666666666,43,0.0,41.04259795384244,41.04259795384244,58.95740871251346,13.252615132462386,6.743149398097152,57,0.5,GAT-SAC (Ours),27
6.8,44,0.0,40.83268475142586,40.83268475142586,59.167319870772715,13.258268651023542,6.647070314287001,56,0.5,GAT-SAC (Ours),28
7.25,41,0.0,41.44123212947059,41.44123212947059,58.558767107130436,13.246606437754401,6.763981716114298,59,0.5,GAT-SAC (Ours),29
8.116666666666667,44,0.0,40.16006817059559,40.16006817059559,59.83994187963674,13.258278324326861,6.689258934485773,56,0.5,GAT-SAC (Ours),30
6.5,42,0.0,40.46242935357039,40.46242935357039,59.53756359879229,13.26704363783173,6.685925207215117,58,0.5,GAT-SAC (Ours),31
8.25,44,0.0,41.25417506759024,41.25417506759024,58.74582944834993,13.254904887303159,6.648954246944106,56,0.5,GAT-SAC (Ours),32
6.766666666666667,44,0.0,41.74630984575501,41.74630984575501,58.25368016007637,13.258376599790859,6.6935897964076645,56,0.5,GAT-SAC (Ours),33
6.466666666666667,42,0.0,40.21039571533763,40.21039571533763,59.78959611352103,13.25944164076481,6.649752599383197,58,0.5,GAT-SAC (Ours),34
7.05,41,0.0,40.17734755334576,40.17734755334576,59.82265154999927,13.25664527191944,6.763855102701166,59,0.5,GAT-SAC (Ours),35
7.133333333333333,43,0.0,40.17118746897393,40.17118746897393,59.82879993587107,13.269774910397514,6.672077114674986,57,0.5,GAT-SAC (Ours),36
5.033333333333333,40,0.0,40.78073802522798,40.78073802522798,59.219261773417486,13.276123443330498,6.7249328642687125,60,0.5,GAT-SAC (Ours),37
8.783333333333333,43,0.0,41.19878552282388,41.19878552282388,58.801220047960065,13.269130523554754,6.6909208678187015,57,0.5,GAT-SAC (Ours),38
5.666666666666667,36,0.0,40.234645903230934,40.234645903230934,59.76535030252915,13.268634127093243,6.71375029596897,64,0.5,GAT-SAC (Ours),39
7.366666666666666,41,0.0,40.04811283491907,40.04811283491907,59.951887474998344,13.256821835972971,6.670791319706162,59,0.5,GAT-SAC (Ours),40
4.583333333333333,42,0.0,40.283203280627355,40.283203280627355,59.71678981517727,0.0,0.09222783821371426,58,0.7,No Defence,1
4.266666666666667,38,0.0,40.178045658802944,40.178045658802944,59.82195806446635,0.0,0.0995751467694153,62,0.7,No Defence,2
4.15,41,0.0,41.48362750074635,41.48362750074635,58.51636331216722,0.0,0.11687692731050976,59,0.7,No Defence,3
3.5666666666666664,41,0.0,41.18784663654748,41.18784663654748,58.81215856300855,0.0,0.12098374039694879,59,0.7,No Defence,4
5.033333333333333,43,0.0,40.30192456520978,40.30192456520978,59.69806205284036,0.0,0.08461910204837633,57,0.7,No Defence,5
3.8666666666666667,34,0.0,41.04703141474542,41.04703141474542,58.952966632221425,0.0,0.1208954211163736,66,0.7,No Defence,6
4.35,42,0.0,41.215606069756184,41.215606069756184,58.78439364865439,0.0,0.11031348740460517,58,0.7,No Defence,7
5.366666666666666,43,0.0,40.743651801418615,40.743651801418615,59.25634846623413,0.0,0.07816270037337031,57,0.7,No Defence,8
3.3666666666666667,39,0.0,40.396323230696005,40.396323230696005,59.60368309205245,0.0,0.13390471494427222,61,0.7,No Defence,9
4.366666666666666,42,0.0,40.32871752523462,40.32871752523462,59.67128624516753,0.0,0.0962858130113163,58,0.7,No Defence,10
5.383333333333333,42,0.0,41.36367677395121,41.36367677395121,58.636317312533414,0.0,0.08164988367824588,58,0.7,No Defence,11
4.25,41,0.0,40.02247255495427,40.02247255495427,59.9775173644244,0.0,0.10305201799938232,59,0.7,No Defence,12
3.7333333333333334,39,0.0,41.45835430670605,41.45835430670605,58.54164270917016,0.0,0.11780676205598557,61,0.7,No Defence,13
4.533333333333333,40,0.0,41.80736759583312,41.80736759583312,58.19262745316634,0.0,0.10321376064165774,60,0.7,No Defence,14
4.033333333333333,36,0.0,40.004883734691774,40.004883734691774,59.995119561482234,0.0,0.10788404822542165,64,0.7,No Defence,15
5.216666666666667,41,0.0,40.204459385451386,40.204459385451386,59.79553532744949,0.0,0.08619242799457284,59,0.7,No Defence,16
4.45,41,0.0,40.56903708890063,40.56903708890063,59.430961658295715,0.0,0.0996453369617963,59,0.7,No Defence,17
5.733333333333333,41,0.0,40.97999262279879,40.97999262279879,59.019999737311146,0.0,0.0758225154149502,59,0.7,No Defence,18
4.266666666666667,38,0.0,41.27082184920636,41.27082184920636,58.72917581104159,0.0,0.1046016314847467,62,0.7,No Defence,19
3.6166666666666667,38,0.0,40.61687183799531,40.61687183799531,59.383131312891244,0.0,0.11908365419526674,62,0.7,No Defence,20
3.533333333333333,38,0.0,40.387577954300355,40.387577954300355,59.61243267460308,0.0,0.11577144782380924,62,0.7,No Defence,21
5.45,40,0.0,41.13713222801457,41.13713222801457,58.86287657654431,0.0,0.08306990647404973,60,0.7,No Defence,22
3.216666666666667,41,0.0,40.78817691471279,40.78817691471279,59.21181770423458,0.0,0.13357015267317257,59,0.7,No Defence,23
4.55,43,0.0,41.18084128260578,41.18084128260578,58.81915914674424,0.0,0.1033250739078138,57,0.7,No Defence,24
5.0,43,0.0,40.50892656136873,40.50892656136873,59.491078578941824,0.0,0.0841590659403065,57,0.7,No Defence,25
4.166666666666667,43,0.0,40.329397386838,40.329397386838,59.6706018722152,0.0,0.10461946731017999,57,0.7,No Defence,26
4.15,41,0.0,41.333801113995804,41.333801113995804,58.66620736297528,0.0,0.10444807040963014,59,0.7,No Defence,27
4.466666666666667,44,0.0,40.31434420413976,40.31434420413976,59.685657716571136,0.0,0.09775241669060504,56,0.7,No Defence,28
5.15,40,0.0,40.60679282960212,40.60679282960212,59.39320781404799,0.0,0.08405701392547922,60,0.7,No Defence,29
4.483333333333333,46,0.0,40.212002254051136,40.212002254051136,59.78800915469535,0.0,0.09540446272883735,54,0.7,No Defence,30
3.8666666666666667,36,0.0,40.14663742214843,40.14663742214843,59.85335983868888,0.0,0.11118181324019924,64,0.7,No Defence,31
3.9166666666666665,43,0.0,40.78254094107227,40.78254094107227,59.217461412512186,0.0,0.11638511110826467,57,0.7,No Defence,32
4.883333333333333,43,0.0,41.19580673636085,41.19580673636085,58.804190107585896,0.0,0.0911508781075749,57,0.7,No Defence,33
5.2,43,0.0,40.008529688613685,40.008529688613685,59.99146370813925,0.0,0.09097348828845855,57,0.7,No Defence,34
5.0,44,0.0,40.56944267060288,40.56944267060288,59.430557094208936,0.0,0.091374731066879,56,0.7,No Defence,35
4.966666666666667,42,0.0,40.353204325102524,40.353204325102524,59.64678408560555,0.0,0.08886053306238119,58,0.7,No Defence,36
3.65,41,0.0,40.11836591531737,40.11836591531737,59.88163076904467,0.0,0.11591300936137353,59,0.7,No Defence,37
4.883333333333333,41,0.0,40.75285467489031,40.75285467489031,59.24715464982718,0.0,0.08675232284088683,59,0.7,No Defence,38
3.033333333333333,36,0.0,40.8051552401493,40.8051552401493,59.194837391326814,0.0,0.14017138712804578,64,0.7,No Defence,39
4.583333333333333,43,0.0,41.284846434301734,41.284846434301734,58.715149776253604,0.0,0.0975444331968845,57,0.7,No Defence,40
4.75,42,0.0,41.15493915588411,41.15493915588411,58.84505207239226,0.20631574721884702,0.19551273675838693,58,0.7,Heuristic Pruning (Graceful Drain),1
5.983333333333333,40,0.0,40.94593352916115,40.94593352916115,59.05407019410814,0.175640058051997,0.1656561235180441,60,0.7,Heuristic Pruning (Graceful Drain),2
5.55,40,0.0,41.429318732822644,41.429318732822644,58.57067132479982,0.19654757065122874,0.1797907754628811,60,0.7,Heuristic Pruning (Graceful Drain),3
4.15,40,0.0,41.14295837413608,41.14295837413608,58.85704853254236,0.24692459492310465,0.2257982644994002,60,0.7,Heuristic Pruning (Graceful Drain),4
6.1,42,0.0,40.288322182620654,40.288322182620654,59.7116670899267,0.166979395192818,0.15576140630554847,58,0.7,Heuristic Pruning (Graceful Drain),5
4.6,35,0.0,40.96983953435813,40.96983953435813,59.03016227715088,0.21349376245793375,0.20195732098980532,65,0.7,Heuristic Pruning (Graceful Drain),6
4.35,41,0.0,41.5031600732028,41.5031600732028,58.49683542136628,0.23963669654681108,0.22230620304009327,59,0.7,Heuristic Pruning (Graceful Drain),7
5.533333333333333,42,0.0,40.811469333504405,40.811469333504405,59.18852825762087,0.18514363715957874,0.17047258278675004,58,0.7,Heuristic Pruning (Graceful Drain),8
4.033333333333333,40,0.0,41.34121572990258,41.34121572990258,58.658783180405294,0.2508102939666069,0.23963874215976183,60,0.7,Heuristic Pruning (Graceful Drain),9
4.933333333333334,43,0.0,40.305886081185804,40.305886081185804,59.69411055058826,0.2202739678397118,0.19497516035716372,57,0.7,Heuristic Pruning (Graceful Drain),10
5.383333333333333,42,0.0,41.36367677395121,41.36367677395121,58.636317312533414,0.20650555495940595,0.18280106713683167,58,0.7,Heuristic Pruning (Graceful Drain),11
5.516666666666667,40,0.0,40.456105127221456,40.456105127221456,59.543888935239806,0.20646378598576987,0.1854070072427089,60,0.7,Heuristic Pruning (Graceful Drain),12
3.8,37,0.0,40.22821809240897,40.22821809240897,59.771781986815554,0.2812617435985244,0.24800093790721725,63,0.7,Heuristic Pruning (Graceful Drain),13
4.533333333333333,37,0.0,40.1918472014021,40.1918472014021,59.80814961025723,0.24016942295443372,0.21907086583014493,63,0.7,Heuristic Pruning (Graceful Drain),14
4.3,36,0.0,40.59136513020237,40.59136513020237,59.408636839462595,0.25604631398147276,0.22978723458088318,64,0.7,Heuristic Pruning (Graceful Drain),15
6.35,40,0.0,40.27094516684123,40.27094516684123,59.72904906297445,0.16463270439974442,0.1498114369804699,60,0.7,Heuristic Pruning (Graceful Drain),16
4.783333333333333,41,0.0,40.8493281977238,40.8493281977238,59.150667859241516,0.22978648258114584,0.20487533219396897,59,0.7,Heuristic Pruning (Graceful Drain),17
5.816666666666666,39,0.0,40.04895160174442,40.04895160174442,59.951045132027346,0.18059712593540167,0.1633661498649183,61,0.7,Heuristic Pruning (Graceful Drain),18
5.133333333333333,37,0.0,40.547011826025624,40.547011826025624,59.45298588770237,0.19671698168837976,0.18222978364026665,63,0.7,Heuristic Pruning (Graceful Drain),19
5.166666666666667,39,0.0,40.87686229098909,40.87686229098909,59.123138159137554,0.21341613737194762,0.19789737583431494,61,0.7,Heuristic Pruning (Graceful Drain),20
4.483333333333333,40,0.0,40.52037627034456,40.52037627034456,59.479638066315886,0.2290483406727068,0.2113832165532562,60,0.7,Heuristic Pruning (Graceful Drain),21
6.033333333333333,38,0.0,40.591748251099496,40.591748251099496,59.40826246497547,0.16883294498210139,0.1569775218686362,62,0.7,Heuristic Pruning (Graceful Drain),22
3.216666666666667,40,0.0,40.584271803544745,40.584271803544745,59.41573014765847,0.31681505783733555,0.28457062059531996,60,0.7,Heuristic Pruning (Graceful Drain),23
5.316666666666666,41,0.0,40.324385918121635,40.324385918121635,59.67561304312833,0.1846642453078827,0.17318706129894518,59,0.7,Heuristic Pruning (Graceful Drain),24
6.483333333333333,44,0.0,41.40821759347079,41.40821759347079,58.59178138992183,0.15594355043424982,0.14585619769992048,56,0.7,Heuristic Pruning (Graceful Drain),25
4.45,44,0.0,40.71956759928423,40.71956759928423,59.28043237275551,0.23961782834591275,0.21784453939941664,56,0.7,Heuristic Pruning (Graceful Drain),26
5.433333333333334,41,0.0,41.29407395362244,41.29407395362244,58.7059364299813,0.20849014145933364,0.19019940734505214,59,0.7,Heuristic Pruning (Graceful Drain),27
5.766666666666667,43,0.0,40.44378731375988,40.44378731375988,59.556212170927445,0.20398039365256848,0.17853275900281468,57,0.7,Heuristic Pruning (Graceful Drain),28
5.233333333333333,41,0.0,40.47424015289324,40.47424015289324,59.52575926333108,0.18743405767612803,0.17595907425275864,59,0.7,Heuristic Pruning (Graceful Drain),29
5.983333333333333,44,0.0,40.576404271027464,40.576404271027464,59.42360708226947,0.16690843404026975,0.15705240058957926,56,0.7,Heuristic Pruning (Graceful Drain),30
4.383333333333333,37,0.0,40.85187605708853,40.85187605708853,59.14812405704325,0.24173930025931864,0.22144706076224624,63,0.7,Heuristic Pruning (Graceful Drain),31
4.633333333333333,44,0.0,40.05729310039186,40.05729310039186,59.9427118715553,0.26105022951802276,0.2232776320810122,56,0.7,Heuristic Pruning (Graceful Drain),32
4.883333333333333,42,0.0,40.117272247919885,40.117272247919885,59.882728804097866,0.19327496832841395,0.18225843177310685,58,0.7,Heuristic Pruning (Graceful Drain),33
5.466666666666667,43,0.0,41.440787454591856,41.440787454591856,58.559205308973006,0.19143611760984755,0.17410436927898149,57,0.7,Heuristic Pruning (Graceful Drain),34
5.65,44,0.0,40.83610632748792,40.83610632748792,59.163895083641194,0.17862657742840077,0.1670616093572609,56,0.7,Heuristic Pruning (Graceful Drain),35
5.55,43,0.0,41.6761357450107,41.6761357450107,58.3238524470315,0.18080007294718115,0.1668316703760401,57,0.7,Heuristic Pruning (Graceful Drain),36
3.966666666666667,39,0.0,40.50485826120768,40.50485826120768,59.49514003399062,0.2760461130815202,0.24795086911545947,61,0.7,Heuristic Pruning (Graceful Drain),37
5.25,40,0.0,40.17475569539423,40.17475569539423,59.825249942185685,0.1770198266623531,0.16629451793457,60,0.7,Heuristic Pruning (Graceful Drain),38
3.283333333333333,36,0.0,40.551474009197044,40.551474009197044,59.44852225155203,0.3202752937119607,0.2926961481324853,64,0.7,Heuristic Pruning (Graceful Drain),39
5.183333333333334,42,0.0,41.12733632139244,41.12733632139244,58.87265543762196,0.20328354714658922,0.18286729225970727,58,0.7,Heuristic Pruning (Graceful Drain),40
7.2,39,0.0,40.343614169576604,40.343614169576604,59.65637335193914,13.261191989337945,6.66315918662461,61,0.7,GAT-SAC (Ours),1
8.416666666666666,39,0.0,40.49095918991289,40.49095918991289,59.509050257566344,13.2659028387378,6.6991123876923355,61,0.7,GAT-SAC (Ours),2
8.366666666666667,39,0.0,41.15089335349271,41.15089335349271,58.8490983245725,13.26319780433155,6.745559385898789,61,0.7,GAT-SAC (Ours),3
9.783333333333333,43,0.0,40.42240963320698,40.42240963320698,59.57759659583508,13.258879875792045,6.6585611401262375,57,0.7,GAT-SAC (Ours),4
10.05,44,0.0,41.29324375727934,41.29324375727934,58.70674384594502,13.27367517667906,6.698359531559013,56,0.7,GAT-SAC (Ours),5
8.816666666666666,40,0.0,41.30394492962342,41.30394492962342,58.69605480148071,13.275811262283844,6.6565322546503864,60,0.7,GAT-SAC (Ours),6
7.933333333333334,39,0.0,40.23925311453231,40.23925311453231,59.76074215476523,13.270405668146246,6.69704461449801,61,0.7,GAT-SAC (Ours),7
7.8999999999999995,40,0.0,40.77725651393987,40.77725651393987,59.222739845982765,13.266438596192529,6.657820060556246,60,0.7,GAT-SAC (Ours),8
6.883333333333333,39,0.0,40.1708862174265,40.1708862174265,59.8291096772218,13.267675453759214,6.688002237433922,61,0.7,GAT-SAC (Ours),9
8.45,40,0.0,41.38354865996167,41.38354865996167,58.6164519935747,13.27386397046755,6.675111217508826,60,0.7,GAT-SAC (Ours),10
8.816666666666666,38,0.0,40.51157719019637,40.51157719019637,59.48842146859397,13.275221699596168,6.675222465313185,62,0.7,GAT-SAC (Ours),11
9.733333333333333,44,0.0,40.614344994370896,40.614344994370896,59.3856390138581,13.269796778109672,6.71500425624486,56,0.7,GAT-SAC (Ours),12
7.883333333333333,41,0.0,40.13840275311607,40.13840275311607,59.86159513422993,13.26533218004277,6.643274793319496,59,0.7,GAT-SAC (Ours),13
5.583333333333333,36,0.0,40.392250483466505,40.392250483466505,59.60774555054877,13.267445180625764,6.75416259095517,64,0.7,GAT-SAC (Ours),14
7.433333333333334,38,0.0,40.40844465000708,40.40844465000708,59.59155380909856,13.26854055875586,6.683417095506478,62,0.7,GAT-SAC (Ours),15
11.85,40,0.0,40.461651261602114,40.461651261602114,59.5383433439465,13.263463081511711,6.637320083482422,60,0.7,GAT-SAC (Ours),16
7.583333333333333,43,0.0,40.32374808801589,40.32374808801589,59.67625333622407,13.265992231612783,6.715409968270689,57,0.7,GAT-SAC (Ours),17
11.883333333333333,43,0.0,41.45850627334279,41.45850627334279,58.54148973148533,13.275905156094684,6.746999578583367,57,0.7,GAT-SAC (Ours),18
7.416666666666667,37,0.0,40.25389081833251,40.25389081833251,59.74610788477636,13.260798573515425,6.700631875575577,63,0.7,GAT-SAC (Ours),19
7.95,38,0.0,40.65372646395771,40.65372646395771,59.34627854370128,13.27353299804273,6.652369478468636,62,0.7,GAT-SAC (Ours),20
7.933333333333334,41,0.0,40.2309054183111,40.2309054183111,59.769104578900404,13.274017632308746,6.751532329099471,59,0.7,GAT-SAC (Ours),21
9.566666666666666,40,0.0,40.29721244167026,40.29721244167026,59.70279812959287,13.264920526956505,6.648106028756076,60,0.7,GAT-SAC (Ours),22
7.666666666666667,42,0.0,40.181339634983146,40.181339634983146,59.81866141683734,13.2684507671883,6.740432565806842,58,0.7,GAT-SAC (Ours),23
7.566666666666666,40,0.0,41.466415801237375,41.466415801237375,58.533582329012546,13.256869693554904,6.661455961643398,60,0.7,GAT-SAC (Ours),24
8.366666666666667,41,0.0,41.29749902682896,41.29749902682896,58.70250190386794,13.269840719128151,6.660788573098901,59,0.7,GAT-SAC (Ours),25
8.716666666666667,44,0.0,40.40148531727743,40.40148531727743,59.5985118307764,13.264522034061857,6.7683325407740265,56,0.7,GAT-SAC (Ours),26
9.2,39,0.0,40.11393710282784,40.11393710282784,59.88606599716482,13.253266194015307,6.73510514404639,61,0.7,GAT-SAC (Ours),27
8.416666666666666,43,0.0,40.9839897360008,40.9839897360008,59.016015573281344,13.258606557472843,6.634064326559833,57,0.7,GAT-SAC (Ours),28
10.116666666666667,44,0.0,41.4231516683344,41.4231516683344,58.5768501428671,13.244977296501052,6.707081503630651,56,0.7,GAT-SAC (Ours),29
8.266666666666666,41,0.0,40.11956947714687,40.11956947714687,59.88044046218634,13.258278327889105,6.6892589071784485,59,0.7,GAT-SAC (Ours),30
7.516666666666667,39,0.0,40.60993737292568,40.60993737292568,59.39005786207257,13.267318243231482,6.67968833643883,61,0.7,GAT-SAC (Ours),31
10.083333333333334,42,0.0,40.38181522448583,40.38181522448583,59.61819211575568,13.255129342798321,6.64786335068121,58,0.7,GAT-SAC (Ours),32
7.633333333333333,42,0.0,40.018463795204696,40.018463795204696,59.98152757824975,13.25830678908941,6.686943490160613,58,0.7,GAT-SAC (Ours),33
7.983333333333333,42,0.0,40.91639701136386,40.91639701136386,59.083597923131535,13.259445326711514,6.649597283335209,58,0.7,GAT-SAC (Ours),34
10.7,42,0.0,40.4698034461062,40.4698034461062,59.5301978621281,13.257019995718878,6.76083805312974,58,0.7,GAT-SAC (Ours),35
10.25,41,0.0,40.92548615513973,40.92548615513973,59.07450129343845,13.26977492028073,6.672076732046138,59,0.7,GAT-SAC (Ours),36
6.516666666666667,40,0.0,40.388355173316185,40.388355173316185,59.61164258493669,13.275110346071342,6.685061243407339,60,0.7,GAT-SAC (Ours),37
11.516666666666666,42,0.0,40.01352786996785,40.01352786996785,59.98648023906297,13.26865587496868,6.65103862080227,58,0.7,GAT-SAC (Ours),38
7.733333333333333,37,0.0,40.82693893380037,40.82693893380037,59.173052955324444,13.268497407680806,6.673269744501152,63,0.7,GAT-SAC (Ours),39
11.4,44,0.0,41.014096628217615,41.014096628217615,58.98590083609451,13.256832874454489,6.670647730038236,56,0.7,GAT-SAC (Ours),40
4.55,42,0.0,40.49619018123635,40.49619018123635,59.50380195250826,0.0,0.095291277671133,58,0.9,No Defence,1
4.7,39,0.0,40.275420346060486,40.275420346060486,59.724586923179565,0.0,0.09155255635271332,61,0.9,No Defence,2
4.15,41,0.0,41.48362750074635,41.48362750074635,58.51636331216722,0.0,0.11722645560247506,59,0.9,No Defence,3
4.1,42,0.0,40.350274863179166,40.350274863179166,59.649728798663546,0.0,0.10402166921332627,58,0.9,No Defence,4
4.983333333333333,44,0.0,40.75455128598075,40.75455128598075,59.24543886227702,0.0,0.08894564227708618,56,0.9,No Defence,5
3.8666666666666667,34,0.0,41.04703141474542,41.04703141474542,58.952966632221425,0.0,0.1208954211163736,66,0.9,No Defence,6
4.35,42,0.0,41.215606069756184,41.215606069756184,58.78439364865439,0.0,0.11031348740460517,58,0.9,No Defence,7
5.366666666666666,44,0.0,41.562964377517645,41.562964377517645,58.43703813841819,0.0,0.08235228060135065,56,0.9,No Defence,8
3.5833333333333335,39,0.0,40.22831031851545,40.22831031851545,59.77168908595514,0.0,0.12044407262731627,61,0.9,No Defence,9
4.366666666666666,43,0.0,40.376493949966445,40.376493949966445,59.623501274190815,0.0,0.09936239701485447,57,0.9,No Defence,10
4.766666666666667,40,0.0,40.273476382887644,40.273476382887644,59.726518861914435,0.0,0.08891435411008132,60,0.9,No Defence,11
4.416666666666667,41,0.0,40.54226973939768,40.54226973939768,59.45772126193249,0.0,0.10267180273121314,59,0.9,No Defence,12
3.716666666666667,38,0.0,41.13476537663111,41.13476537663111,58.86523369908275,0.0,0.11977987257559669,62,0.9,No Defence,13
4.533333333333333,40,0.0,41.80736759583312,41.80736759583312,58.19262745316634,0.0,0.10321376064165774,60,0.9,No Defence,14
4.383333333333333,38,0.0,41.052318169920966,41.052318169920966,58.94768442950081,0.0,0.10190151311189341,62,0.9,No Defence,15
5.533333333333333,41,0.0,40.59072239448492,40.59072239448492,59.409266414041305,0.0,0.08290472645432026,59,0.9,No Defence,16
4.45,41,0.0,40.56903708890063,40.56903708890063,59.430961658295715,0.0,0.0996453369617963,59,0.9,No Defence,17
5.733333333333333,41,0.0,40.97999262279879,40.97999262279879,59.019999737311146,0.0,0.0758225154149502,59,0.9,No Defence,18
4.266666666666667,38,0.0,41.27082184920636,41.27082184920636,58.72917581104159,0.0,0.1046016314847467,62,0.9,No Defence,19
3.7333333333333334,38,0.0,40.121759388570645,40.121759388570645,59.87824182114473,0.0,0.11526450151987246,62,0.9,No Defence,20
4.45,41,0.0,40.42823697052659,40.42823697052659,59.57177236752812,0.0,0.09686252237407765,59,0.9,No Defence,21
5.45,40,0.0,41.13713222801457,41.13713222801457,58.86287657654431,0.0,0.08321043355738375,60,0.9,No Defence,22
3.1666666666666665,41,0.0,40.26407626110459,40.26407626110459,59.73591869320584,0.0,0.13287151982832476,59,0.9,No Defence,23
4.55,43,0.0,41.18084128260578,41.18084128260578,58.81915914674424,0.0,0.1033250739078138,57,0.9,No Defence,24
5.0,43,0.0,40.50892656136873,40.50892656136873,59.491078578941824,0.0,0.08347922817185062,57,0.9,No Defence,25
4.166666666666667,43,0.0,40.329397386838,40.329397386838,59.6706018722152,0.0,0.10465645492970464,57,0.9,No Defence,26
4.866666666666666,40,0.0,40.42658148567186,40.42658148567186,59.573423452369546,0.0,0.08888925750357372,60,0.9,No Defence,27
4.466666666666667,44,0.0,40.31434420413976,40.31434420413976,59.685657716571136,0.0,0.09775241669060504,56,0.9,No Defence,28
5.4,42,0.0,40.53637687796388,40.53637687796388,59.46362397524674,0.0,0.08247379198455886,58,0.9,No Defence,29
5.25,47,0.0,41.043921366747135,41.043921366747135,58.95609189955954,0.0,0.08239378742956541,53,0.9,No Defence,30
4.1,36,0.0,40.30400485785937,40.30400485785937,59.69599311630156,0.0,0.105999638551206,64,0.9,No Defence,31
4.083333333333333,43,0.0,40.50387877778548,40.50387877778548,59.496125811704204,0.0,0.10418845753409745,57,0.9,No Defence,32
4.883333333333333,43,0.0,41.19580673636085,41.19580673636085,58.804190107585896,0.0,0.0911508781075749,57,0.9,No Defence,33
5.233333333333333,43,0.0,40.04258163871138,40.04258163871138,59.95741193895243,0.0,0.08937217943133874,57,0.9,No Defence,34
5.0,44,0.0,40.56944267060288,40.56944267060288,59.430557094208936,0.0,0.09191668374206777,56,0.9,No Defence,35
4.966666666666667,42,0.0,40.353204325102524,40.353204325102524,59.64678408560555,0.0,0.08894002858748509,58,0.9,No Defence,36
3.65,40,0.0,40.22360404940781,40.22360404940781,59.77639290342693,0.0,0.11788418682108431,60,0.9,No Defence,37
4.883333333333333,42,0.0,41.05550395783546,41.05550395783546,58.94450242785933,0.0,0.08948149802965936,58,0.9,No Defence,38
3.0,36,0.0,41.601281794982626,41.601281794982626,58.39871655534785,0.0,0.1449245587400514,64,0.9,No Defence,39
4.433333333333334,42,0.0,40.282687869701036,40.282687869701036,59.71730772101949,0.0,0.10004507657386477,58,0.9,No Defence,40
4.75,41,0.0,40.59079684248011,40.59079684248011,59.40919500830568,0.2045587866207466,0.19349939286552711,59,0.9,Heuristic Pruning (Graceful Drain),1
6.75,41,0.0,40.65615462047852,40.65615462047852,59.34384287201359,0.15732227931068912,0.14592699969128486,59,0.9,Heuristic Pruning (Graceful Drain),2
5.8,39,0.0,40.48720716149652,40.48720716149652,59.51278597222065,0.17752170095459588,0.1653297217296768,61,0.9,Heuristic Pruning (Graceful Drain),3
4.15,39,0.0,40.540537343252076,40.540537343252076,59.45946685288086,0.2459990422759469,0.223409766998725,61,0.9,Heuristic Pruning (Graceful Drain),4
6.133333333333333,42,0.0,40.54202348217492,40.54202348217492,59.45796327270499,0.16795543590973835,0.15360812305703822,58,0.9,Heuristic Pruning (Graceful Drain),5
5.616666666666666,39,0.0,41.2040478359025,41.2040478359025,58.79595227731681,0.1731819979622367,0.16664191198084438,61,0.9,Heuristic Pruning (Graceful Drain),6
4.35,40,0.0,41.20045036332516,41.20045036332516,58.799546313919535,0.221999975874162,0.21286387300722334,60,0.9,Heuristic Pruning (Graceful Drain),7
5.633333333333333,42,0.0,40.849480413214735,40.849480413214735,59.15051385901646,0.17515496619780932,0.16375977406162517,58,0.9,Heuristic Pruning (Graceful Drain),8
4.033333333333333,39,0.0,40.41973487306228,40.41973487306228,59.58026332767864,0.24893759678645042,0.23439075971290177,61,0.9,Heuristic Pruning (Graceful Drain),9
5.0,43,0.0,41.12751316708891,41.12751316708891,58.872480599179525,0.2196259102655956,0.19520739681027607,57,0.9,Heuristic Pruning (Graceful Drain),10
5.533333333333333,40,0.0,40.09130191559271,40.09130191559271,59.908693176799176,0.18773205427625653,0.16953045589699528,60,0.9,Heuristic Pruning (Graceful Drain),11
5.916666666666667,40,0.0,40.27211489345406,40.27211489345406,59.727877691219774,0.18719314163246473,0.16836749656411895,60,0.9,Heuristic Pruning (Graceful Drain),12
3.8333333333333335,37,0.0,40.200256060215644,40.200256060215644,59.79974338521268,0.270079193717224,0.24000772308139404,63,0.9,Heuristic Pruning (Graceful Drain),13
4.533333333333333,37,0.0,40.1918472014021,40.1918472014021,59.80814961025723,0.24016942295443372,0.21907086583014493,63,0.9,Heuristic Pruning (Graceful Drain),14
4.5,36,0.0,40.24655416199821,40.24655416199821,59.75345072866648,0.24795213749628425,0.22088979155559987,64,0.9,Heuristic Pruning (Graceful Drain),15
6.5,41,0.0,41.04514577291262,41.04514577291262,58.95484856425532,0.16642018009100146,0.15041407782246777,59,0.9,Heuristic Pruning (Graceful Drain),16
5.033333333333333,41,0.0,40.212766892967075,40.212766892967075,59.78722842550345,0.21380147368816996,0.19122752619610792,59,0.9,Heuristic Pruning (Graceful Drain),17
5.816666666666666,39,0.0,40.253613687068345,40.253613687068345,59.746381084162856,0.18309760564942199,0.16497654720922417,61,0.9,Heuristic Pruning (Graceful Drain),18
5.35,37,0.0,41.60104632395871,41.60104632395871,58.39895149672938,0.18655436159847544,0.17500826678708933,63,0.9,Heuristic Pruning (Graceful Drain),19
5.166666666666667,38,0.0,40.42194435101315,40.42194435101315,59.578057758955524,0.20691857935161867,0.19323488246784512,62,0.9,Heuristic Pruning (Graceful Drain),20
4.483333333333333,40,0.0,40.52037627034456,40.52037627034456,59.479638066315886,0.22704202290373504,0.2066257215056622,60,0.9,Heuristic Pruning (Graceful Drain),21
6.033333333333333,38,0.0,40.591748251099496,40.591748251099496,59.40826246497547,0.16883294498210139,0.1569775218686362,62,0.9,Heuristic Pruning (Graceful Drain),22
3.216666666666667,40,0.0,40.584271803544745,40.584271803544745,59.41573014765847,0.31681505783733555,0.28457062059531996,60,0.9,Heuristic Pruning (Graceful Drain),23
5.316666666666666,41,0.0,40.324385918121635,40.324385918121635,59.67561304312833,0.1846642453078827,0.17318706129894518,59,0.9,Heuristic Pruning (Graceful Drain),24
6.483333333333333,44,0.0,41.40821759347079,41.40821759347079,58.59178138992183,0.1484503081501293,0.1432318847594171,56,0.9,Heuristic Pruning (Graceful Drain),25
4.45,43,0.0,40.18836321029162,40.18836321029162,59.81163609070196,0.2290565894829953,0.21111874497886912,57,0.9,Heuristic Pruning (Graceful Drain),26
5.483333333333333,41,0.0,41.08162920701376,41.08162920701376,58.918374921737524,0.20427957418397594,0.1861093162406236,59,0.9,Heuristic Pruning (Graceful Drain),27
5.883333333333333,43,0.0,40.26181522840137,40.26181522840137,59.73818987787881,0.19004023305949663,0.16886961935458109,57,0.9,Heuristic Pruning (Graceful Drain),28
5.233333333333333,40,0.0,40.080666965915874,40.080666965915874,59.91933257005729,0.18391035322259272,0.17343696145723647,60,0.9,Heuristic Pruning (Graceful Drain),29
6.683333333333334,44,0.0,40.1976199695762,40.1976199695762,59.802395875134906,0.1500801113037097,0.13976080522155235,56,0.9,Heuristic Pruning (Graceful Drain),30
4.383333333333333,35,0.0,40.02038949957507,40.02038949957507,59.97960602075263,0.24246415725957576,0.2175913419505749,65,0.9,Heuristic Pruning (Graceful Drain),31
5.066666666666666,44,0.0,41.17563677816036,41.17563677816036,58.824367620100595,0.2352973054214125,0.20977469972925664,56,0.9,Heuristic Pruning (Graceful Drain),32
4.883333333333333,42,0.0,40.117272247919885,40.117272247919885,59.882728804097866,0.19327496832841395,0.18225843177310685,58,0.9,Heuristic Pruning (Graceful Drain),33
5.716666666666667,42,0.0,40.555086991020026,40.555086991020026,59.4449063755811,0.16361319537577704,0.15479613056324273,58,0.9,Heuristic Pruning (Graceful Drain),34
5.75,42,0.0,40.465104812415035,40.465104812415035,59.534894099839605,0.1786637013418474,0.16473332024262421,58,0.9,Heuristic Pruning (Graceful Drain),35
6.05,43,0.0,40.37414897453234,40.37414897453234,59.625840675282426,0.1703669701320966,0.15433614532449613,57,0.9,Heuristic Pruning (Graceful Drain),36
3.966666666666667,39,0.0,40.50485826120768,40.50485826120768,59.49514003399062,0.2760461130815202,0.24795086911545947,61,0.9,Heuristic Pruning (Graceful Drain),37
5.3,40,0.0,40.062453967957666,40.062453967957666,59.93755438153865,0.17105194704307877,0.16240326454632506,60,0.9,Heuristic Pruning (Graceful Drain),38
3.9499999999999997,35,0.0,40.03108938597523,40.03108938597523,59.968906324883996,0.2602374077608263,0.24231300874944245,65,0.9,Heuristic Pruning (Graceful Drain),39
5.183333333333334,42,0.0,41.11801834461766,41.11801834461766,58.881977753240434,0.2073530187511113,0.18483235126504485,58,0.9,Heuristic Pruning (Graceful Drain),40
8.966666666666667,39,0.0,40.60152567913378,40.60152567913378,59.3984633986555,13.261493217661876,6.643249145970021,61,0.9,GAT-SAC (Ours),1
10.716666666666667,39,0.0,41.5072512781948,41.5072512781948,58.49275801731426,13.264092590808987,6.684945099425354,61,0.9,GAT-SAC (Ours),2
8.366666666666667,38,0.0,40.54637142132415,40.54637142132415,59.45361948771738,13.263197804416544,6.745559385126855,62,0.9,GAT-SAC (Ours),3
11.75,43,0.0,40.234325649827845,40.234325649827845,59.76568343310588,13.259517541509153,6.6528713993901185,57,0.9,GAT-SAC (Ours),4
12.233333333333333,42,0.0,40.16799683430683,40.16799683430683,59.83198970164546,13.273676208479799,6.69834221922805,58,0.9,GAT-SAC (Ours),5
11.15,40,0.0,40.10659081481421,40.10659081481421,59.89340791146851,13.275817016194907,6.656501401850348,60,0.9,GAT-SAC (Ours),6
9.383333333333333,40,0.0,40.4500452473669,40.4500452473669,59.54994926163917,13.270441302860354,6.696696255692873,60,0.9,GAT-SAC (Ours),7
10.05,40,0.0,41.381887845404805,41.381887845404805,58.61811357315476,13.266438815747314,6.657816726372813,60,0.9,GAT-SAC (Ours),8
8.416666666666666,40,0.0,40.61352701181128,40.61352701181128,59.386463155617975,13.267872297545388,6.685624263421638,60,0.9,GAT-SAC (Ours),9
10.65,39,0.0,40.2707248690852,40.2707248690852,59.72927684016378,13.27392983557393,6.674302094085345,61,0.9,GAT-SAC (Ours),10
10.55,38,0.0,40.62945897347889,40.62945897347889,59.37053938049106,13.274960908752762,6.670267432032853,62,0.9,GAT-SAC (Ours),11
10.35,42,0.0,40.80225532315917,40.80225532315917,59.19773201009152,13.269796772467643,6.715003349912073,58,0.9,GAT-SAC (Ours),12
9.333333333333334,41,0.0,40.32543791430413,40.32543791430413,59.67455933924566,13.265396902057756,6.641777570469573,59,0.9,GAT-SAC (Ours),13
8.116666666666667,37,0.0,40.09036047763189,40.09036047763189,59.90963236804272,13.264447694205558,6.707543171416484,63,0.9,GAT-SAC (Ours),14
8.083333333333334,38,0.0,40.329532582608316,40.329532582608316,59.67046818113933,13.26726701479102,6.674126300789868,62,0.9,GAT-SAC (Ours),15
13.866666666666667,40,0.0,40.97546202118141,40.97546202118141,59.02452276163482,13.263468178808596,6.637310908478339,60,0.9,GAT-SAC (Ours),16
10.533333333333333,44,0.0,40.218146365962504,40.218146365962504,59.78184711945844,13.266772876026778,6.6657883803525735,56,0.9,GAT-SAC (Ours),17
13.799999999999999,42,0.0,40.59184432096025,40.59184432096025,59.40815123528718,13.275952368508644,6.746218108598874,58,0.9,GAT-SAC (Ours),18
8.066666666666666,36,0.0,40.22948797995733,40.22948797995733,59.770505054266586,13.260798719565543,6.70063019846689,64,0.9,GAT-SAC (Ours),19
9.8,41,0.0,40.91426207659197,40.91426207659197,59.085745237966115,13.273670906213253,6.649959464570987,59,0.9,GAT-SAC (Ours),20
9.933333333333334,42,0.0,40.18862888622152,40.18862888622152,59.811374986324694,13.274017675043664,6.751531515646217,58,0.9,GAT-SAC (Ours),21
13.633333333333333,42,0.0,40.8054039634491,40.8054039634491,59.19460269789478,13.265554267028005,6.6414064963232695,58,0.9,GAT-SAC (Ours),22
9.133333333333333,42,0.0,40.838223143107214,40.838223143107214,59.16177714652451,13.269706177717207,6.700570557908272,58,0.9,GAT-SAC (Ours),23
9.133333333333333,38,0.0,40.09183662519408,40.09183662519408,59.90816895635614,13.258144563112161,6.640601081485993,62,0.9,GAT-SAC (Ours),24
9.716666666666667,40,0.0,41.46825430166846,41.46825430166846,58.53175126819451,13.269877204684175,6.660136216280548,60,0.9,GAT-SAC (Ours),25
10.616666666666667,44,0.0,40.080633236331074,40.080633236331074,59.91936494625224,13.26507969766725,6.736317649610976,56,0.9,GAT-SAC (Ours),26
9.666666666666666,38,0.0,40.11823120991846,40.11823120991846,59.88177494891651,13.253271733231294,6.734986830654302,62,0.9,GAT-SAC (Ours),27
9.133333333333333,41,0.0,40.37230762054734,40.37230762054734,59.62769684549588,13.258728789563087,6.632774246898372,59,0.9,GAT-SAC (Ours),28
10.283333333333333,41,0.0,40.43112499524358,40.43112499524358,59.568876516585775,13.24497732978506,6.707078957184938,59,0.9,GAT-SAC (Ours),29
9.033333333333333,39,0.0,40.56942733043135,40.56942733043135,59.43058396741603,13.257889232630976,6.668134346879098,61,0.9,GAT-SAC (Ours),30
8.9,37,0.0,40.50387259967174,40.50387259967174,59.496125545686866,13.267337418679187,6.679269676641152,63,0.9,GAT-SAC (Ours),31
12.6,41,0.0,40.792238165024116,40.792238165024116,59.20776841030245,13.252748289197985,6.630678617272805,59,0.9,GAT-SAC (Ours),32
9.266666666666666,42,0.0,40.68168518860338,40.68168518860338,59.31830865709278,13.259131007175839,6.681713285637842,58,0.9,GAT-SAC (Ours),33
9.383333333333333,39,0.0,40.97802686501459,40.97802686501459,59.021970511777674,13.260194317088866,6.644465094656231,61,0.9,GAT-SAC (Ours),34
10.9,41,0.0,40.20464223015467,40.20464223015467,59.795354668301115,13.257019995757252,6.7608380528787135,59,0.9,GAT-SAC (Ours),35
11.983333333333333,42,0.0,40.554268860372275,40.554268860372275,59.4457206290875,13.269783975636443,6.6719909649677485,58,0.9,GAT-SAC (Ours),36
8.816666666666666,39,0.0,40.224650529181616,40.224650529181616,59.77534822242029,13.275397997675906,6.673545375342687,61,0.9,GAT-SAC (Ours),37
13.783333333333333,41,0.0,40.92105177813738,40.92105177813738,59.078954487324665,13.268838324629026,6.649664538348741,59,0.9,GAT-SAC (Ours),38
10.083333333333334,38,0.0,40.37660557496095,40.37660557496095,59.62338194253962,13.270261124051395,6.646955610378997,62,0.9,GAT-SAC (Ours),39
15.433333333333334,44,0.0,40.307184657257224,40.307184657257224,59.69281004597254,13.256847381618048,6.670515572971503,56,0.9,GAT-SAC (Ours),40
4.75,44,0.0,41.79424492600043,41.79424492600043,58.2057444064518,0.0,0.09575349825193148,56,1.1,No Defence,1
4.75,40,0.0,40.84878943131642,40.84878943131642,59.15121439326633,0.0,0.09234142238444307,60,1.1,No Defence,2
4.15,40,0.0,40.6948058584127,40.6948058584127,59.30518649254822,0.0,0.11412251395044493,60,1.1,No Defence,3
4.1,42,0.0,40.350274863179166,40.350274863179166,59.649728798663546,0.0,0.10402166921332627,58,1.1,No Defence,4
4.983333333333333,43,0.0,40.33982120729817,40.33982120729817,59.66016130585938,0.0,0.08784720983102808,57,1.1,No Defence,5
3.8666666666666667,34,0.0,41.04703141474542,41.04703141474542,58.952966632221425,0.0,0.1208954211163736,66,1.1,No Defence,6
4.35,42,0.0,41.215606069756184,41.215606069756184,58.78439364865439,0.0,0.11031348740460517,58,1.1,No Defence,7
5.366666666666666,44,0.0,41.562964377517645,41.562964377517645,58.43703813841819,0.0,0.08235228060135065,56,1.1,No Defence,8
3.55,39,0.0,40.017856103051926,40.017856103051926,59.982149079321054,0.0,0.12260499504578685,61,1.1,No Defence,9
4.466666666666667,43,0.0,41.10568590681506,41.10568590681506,58.89430750754917,0.0,0.09905879109213758,57,1.1,No Defence,10
4.766666666666667,40,0.0,40.273476382887644,40.273476382887644,59.726518861914435,0.0,0.08889710602309303,60,1.1,No Defence,11
4.333333333333333,42,0.0,41.16607832606881,41.16607832606881,58.833909191905306,0.0,0.11054269530835115,58,1.1,No Defence,12
3.716666666666667,38,0.0,41.13476537663111,41.13476537663111,58.86523369908275,0.0,0.11977987257559669,62,1.1,No Defence,13
4.8,39,0.0,40.911324215653686,40.911324215653686,59.08867249231978,0.0,0.09752682458196534,61,1.1,No Defence,14
4.3,37,0.0,40.409724918832005,40.409724918832005,59.59027778778242,0.0,0.10580944218589253,63,1.1,No Defence,15
5.533333333333333,41,0.0,40.59072239448492,40.59072239448492,59.409266414041305,0.0,0.08290472645432026,59,1.1,No Defence,16
4.466666666666667,41,0.0,41.062404148123555,41.062404148123555,58.937596498059385,0.0,0.10037436958339988,59,1.1,No Defence,17
5.733333333333333,40,0.0,40.057504802123695,40.057504802123695,59.942489800889746,0.0,0.07380233113801936,60,1.1,No Defence,18
4.05,37,0.0,40.14362862607124,40.14362862607124,59.85637432870134,0.0,0.10639292949142744,63,1.1,No Defence,19
3.8166666666666664,39,0.0,40.3873884937257,40.3873884937257,59.61261308171758,0.0,0.11770556513195571,61,1.1,No Defence,20
4.45,41,0.0,40.42823697052659,40.42823697052659,59.57177236752812,0.0,0.09686252237407765,59,1.1,No Defence,21
5.75,40,0.0,40.26654352749628,40.26654352749628,59.73346394479382,0.0,0.07625969353231371,60,1.1,No Defence,22
3.1333333333333333,41,0.0,40.32715427091165,40.32715427091165,59.672844098004404,0.0,0.1337221704808014,59,1.1,No Defence,23
4.583333333333333,43,0.0,40.700720930754606,40.700720930754606,59.29927949859541,0.0,0.10111198162055467,57,1.1,No Defence,24
5.0,43,0.0,40.50892656136873,40.50892656136873,59.491078578941824,0.0,0.08357569449017653,57,1.1,No Defence,25
4.166666666666667,43,0.0,40.329397386838,40.329397386838,59.6706018722152,0.0,0.10465645492970464,57,1.1,No Defence,26
4.15,41,0.0,42.72088432574358,42.72088432574358,57.279124260961744,0.0,0.11085999378442882,59,1.1,No Defence,27
4.316666666666666,44,0.0,40.70132035313537,40.70132035313537,59.298680255870515,0.0,0.10203746569384037,56,1.1,No Defence,28
5.233333333333333,42,0.0,40.2951502853213,40.2951502853213,59.7048499092706,0.0,0.08351375170933922,58,1.1,No Defence,29
5.3,47,0.0,40.10872010579048,40.10872010579048,59.89129260602062,0.0,0.07986724037921838,53,1.1,No Defence,30
3.8666666666666667,37,0.0,40.666034140741104,40.666034140741104,59.333967114708464,0.0,0.11458743252049657,63,1.1,No Defence,31
4.083333333333333,43,0.0,40.50387877778548,40.50387877778548,59.496125811704204,0.0,0.10418845753409745,57,1.1,No Defence,32
4.883333333333333,43,0.0,41.19580673636085,41.19580673636085,58.804190107585896,0.0,0.0911508781075749,57,1.1,No Defence,33
5.333333333333333,42,0.0,40.1016688201172,40.1016688201172,59.89832789333518,0.0,0.08771652969205673,58,1.1,No Defence,34
4.95,43,0.0,40.01352741300821,40.01352741300821,59.9864704702981,0.0,0.09260998403171998,57,1.1,No Defence,35
4.966666666666667,42,0.0,40.353204325102524,40.353204325102524,59.64678408560555,0.0,0.08894002858748509,58,1.1,No Defence,36
3.6999999999999997,40,0.0,40.334586881991285,40.334586881991285,59.66540929227261,0.0,0.11774379840590048,60,1.1,No Defence,37
5.3,43,0.0,40.3045022191994,40.3045022191994,59.695503739001175,0.0,0.08185180244713681,57,1.1,No Defence,38
3.033333333333333,36,0.0,40.47260223679527,40.47260223679527,59.52739669091953,0.0,0.13630880611072899,64,1.1,No Defence,39
4.433333333333334,43,0.0,40.086214376830966,40.086214376830966,59.91378318609123,0.0,0.1036722144192219,57,1.1,No Defence,40
5.183333333333334,42,0.0,40.99203857084659,40.99203857084659,59.00795305357214,0.19094425339696716,0.17786135151550375,58,1.1,Heuristic Pruning (Graceful Drain),1
6.916666666666667,41,0.0,41.002283411660244,41.002283411660244,58.99771722154882,0.1561263099822022,0.14532813299138395,59,1.1,Heuristic Pruning (Graceful Drain),2
5.833333333333333,39,0.0,40.49354347715347,40.49354347715347,59.50644394381638,0.18097091129071072,0.16640046218771115,61,1.1,Heuristic Pruning (Graceful Drain),3
4.3,40,0.0,40.76492093893396,40.76492093893396,59.23508372633185,0.23290397306278016,0.21529957071964753,60,1.1,Heuristic Pruning (Graceful Drain),4
6.383333333333333,42,0.0,40.45176258614801,40.45176258614801,59.54822449712329,0.15403036570594358,0.1447523297508604,58,1.1,Heuristic Pruning (Graceful Drain),5
5.616666666666666,39,0.0,41.2040478359025,41.2040478359025,58.79595227731681,0.17998971179170276,0.16937041178577872,61,1.1,Heuristic Pruning (Graceful Drain),6
4.916666666666667,40,0.0,40.27550274166284,40.27550274166284,59.724496864111956,0.2010209931380565,0.18904276868187125,60,1.1,Heuristic Pruning (Graceful Drain),7
6.266666666666667,43,0.0,41.18569581170984,41.18569581170984,58.81430432211653,0.17131047516955658,0.15595111662868696,57,1.1,Heuristic Pruning (Graceful Drain),8
4.033333333333333,39,0.0,40.41973487306228,40.41973487306228,59.58026332767864,0.24893759678645042,0.23439075971290177,61,1.1,Heuristic Pruning (Graceful Drain),9
5.366666666666666,42,0.0,40.89289024052455,40.89289024052455,59.107113429333545,0.20267992799421308,0.18025976152796833,58,1.1,Heuristic Pruning (Graceful Drain),10
5.65,40,0.0,40.943936459114,40.943936459114,59.05605838942159,0.19380358772839282,0.17291903430657543,60,1.1,Heuristic Pruning (Graceful Drain),11
5.916666666666667,40,0.0,40.27211489345406,40.27211489345406,59.727877691219774,0.18545096519719229,0.1666384826179886,60,1.1,Heuristic Pruning (Graceful Drain),12
3.8333333333333335,37,0.0,40.200256060215644,40.200256060215644,59.79974338521268,0.270079193717224,0.24000772308139404,63,1.1,Heuristic Pruning (Graceful Drain),13
4.766666666666667,37,0.0,40.42980348561221,40.42980348561221,59.57019301498949,0.22117903156037244,0.20445557294443287,63,1.1,Heuristic Pruning (Graceful Drain),14
4.766666666666667,36,0.0,40.8463052439408,40.8463052439408,59.15370012909082,0.23706958874730857,0.21147189477356054,64,1.1,Heuristic Pruning (Graceful Drain),15
6.533333333333333,40,0.0,40.1593715140572,40.1593715140572,59.84061984408535,0.15679466370497128,0.14311247888642867,60,1.1,Heuristic Pruning (Graceful Drain),16
5.783333333333333,41,0.0,40.52676817902832,40.52676817902832,59.47322888017992,0.18568275926496142,0.16807096215772147,59,1.1,Heuristic Pruning (Graceful Drain),17
5.816666666666666,39,0.0,40.253613687068345,40.253613687068345,59.746381084162856,0.18309760564942199,0.16497654720922417,61,1.1,Heuristic Pruning (Graceful Drain),18
5.816666666666666,36,0.0,40.51280192363621,40.51280192363621,59.48719258128898,0.16808768988740855,0.15773971109520693,64,1.1,Heuristic Pruning (Graceful Drain),19
5.333333333333333,37,0.0,40.19759678303665,40.19759678303665,59.80240448294456,0.20570035606305404,0.18708410156483699,63,1.1,Heuristic Pruning (Graceful Drain),20
4.483333333333333,40,0.0,40.52037627034456,40.52037627034456,59.479638066315886,0.22704202290373504,0.2066257215056622,60,1.1,Heuristic Pruning (Graceful Drain),21
6.033333333333333,38,0.0,40.591748251099496,40.591748251099496,59.40826246497547,0.16883294498210139,0.1569775218686362,62,1.1,Heuristic Pruning (Graceful Drain),22
3.5666666666666664,40,0.0,40.060551238225756,40.060551238225756,59.93944870079915,0.29647518007301,0.26316281849083406,60,1.1,Heuristic Pruning (Graceful Drain),23
5.316666666666666,41,0.0,40.324385918121635,40.324385918121635,59.67561304312833,0.1846642453078827,0.17318706129894518,59,1.1,Heuristic Pruning (Graceful Drain),24
6.483333333333333,44,0.0,41.40821759347079,41.40821759347079,58.59178138992183,0.15477538783979644,0.14484541100923,56,1.1,Heuristic Pruning (Graceful Drain),25
4.45,43,0.0,40.18836321029162,40.18836321029162,59.81163609070196,0.2290565894829953,0.21111874497886912,57,1.1,Heuristic Pruning (Graceful Drain),26
5.483333333333333,40,0.0,40.53247472479966,40.53247472479966,59.4675307756298,0.1990756215147453,0.18268788617844597,60,1.1,Heuristic Pruning (Graceful Drain),27
5.883333333333333,44,0.0,40.54380819310532,40.54380819310532,59.45619678825058,0.18798503794555224,0.16821009323868014,56,1.1,Heuristic Pruning (Graceful Drain),28
6.183333333333334,42,0.0,40.64953329307121,40.64953329307121,59.35046609321588,0.1415813366355145,0.1397156702561442,58,1.1,Heuristic Pruning (Graceful Drain),29
6.783333333333333,44,0.0,41.26695847924256,41.26695847924256,58.733051598714546,0.14864138808256955,0.13938384707335433,56,1.1,Heuristic Pruning (Graceful Drain),30
4.466666666666667,35,0.0,41.09817166483204,41.09817166483204,58.90182585280178,0.24623520347332822,0.21951465358192743,65,1.1,Heuristic Pruning (Graceful Drain),31
5.066666666666666,44,0.0,40.26114886188658,40.26114886188658,59.73885380060583,0.22940277868202844,0.20112355499292559,56,1.1,Heuristic Pruning (Graceful Drain),32
4.883333333333333,42,0.0,40.117272247919885,40.117272247919885,59.882728804097866,0.20066171403490662,0.18494700485683155,58,1.1,Heuristic Pruning (Graceful Drain),33
5.966666666666667,42,0.0,40.279012226507135,40.279012226507135,59.720983130113645,0.17370972348631183,0.15559103256495152,58,1.1,Heuristic Pruning (Graceful Drain),34
5.75,42,0.0,40.465104812415035,40.465104812415035,59.534894099839605,0.1786637013418474,0.16473332024262421,58,1.1,Heuristic Pruning (Graceful Drain),35
6.05,43,0.0,40.37414897453234,40.37414897453234,59.625840675282426,0.1703669701320966,0.15433614532449613,57,1.1,Heuristic Pruning (Graceful Drain),36
4.016666666666667,39,0.0,40.18647314611819,40.18647314611819,59.813527189472694,0.27243188157224846,0.2409974826235109,61,1.1,Heuristic Pruning (Graceful Drain),37
7.05,43,0.0,40.89851209239624,40.89851209239624,59.10149198215796,0.1340345108209866,0.1300263311991328,57,1.1,Heuristic Pruning (Graceful Drain),38
3.9499999999999997,36,0.0,40.31650322004934,40.31650322004934,59.68349150100817,0.25207775139501387,0.23786997865304374,64,1.1,Heuristic Pruning (Graceful Drain),39
6.166666666666667,41,0.0,40.36401694518392,40.36401694518392,59.63597818066049,0.17549726134517585,0.15573863570361698,59,1.1,Heuristic Pruning (Graceful Drain),40
10.933333333333334,39,0.0,40.55550364267159,40.55550364267159,59.44449016053011,13.26165508056464,6.641033617476874,61,1.1,GAT-SAC (Ours),1
10.716666666666667,37,0.0,40.12136063141038,40.12136063141038,59.878648208188146,13.264092590796695,6.6849450981249765,63,1.1,GAT-SAC (Ours),2
9.733333333333333,39,0.0,41.319020399601044,41.319020399601044,58.68097129219672,13.263290504799208,6.744002592233807,61,1.1,GAT-SAC (Ours),3
14.733333333333333,41,0.0,40.16184177978371,40.16184177978371,59.838162585758326,13.25967546789558,6.642875664902389,59,1.1,GAT-SAC (Ours),4
13.083333333333334,41,0.0,40.51934893119543,40.51934893119543,59.480633664059965,13.274046553892054,6.693039607960332,59,1.1,GAT-SAC (Ours),5
13.033333333333333,39,0.0,40.29631185166546,40.29631185166546,59.703684949888945,13.275819211895426,6.656482617732305,61,1.1,GAT-SAC (Ours),6
12.266666666666666,39,0.0,40.486617125443885,40.486617125443885,59.51337597561503,13.270502185661325,6.693322468452929,61,1.1,GAT-SAC (Ours),7
13.383333333333333,39,0.0,40.27780377280744,40.27780377280744,59.72218929498639,13.266438823091859,6.657816665187079,61,1.1,GAT-SAC (Ours),8
11.95,40,0.0,40.65059620897592,40.65059620897592,59.34940024318928,13.267936986840223,6.684880991485686,60,1.1,GAT-SAC (Ours),9
13.116666666666667,42,0.0,41.522757764358,41.522757764358,58.47724110452136,13.273926643042078,6.674128446734581,58,1.1,GAT-SAC (Ours),10
14.683333333333334,40,0.0,41.30953979053056,41.30953979053056,58.690457313675836,13.274676920611132,6.665641088590641,60,1.1,GAT-SAC (Ours),11
13.1,40,0.0,40.88786059279711,40.88786059279711,59.112131807153304,13.27028880877468,6.701656740673154,60,1.1,GAT-SAC (Ours),12
13.049999999999999,41,0.0,40.3743616468013,40.3743616468013,59.62563365254352,13.265562912821213,6.637591352883169,59,1.1,GAT-SAC (Ours),13
10.283333333333333,37,0.0,40.9276987297402,40.9276987297402,59.07230173684624,13.264451531313387,6.707524869335494,63,1.1,GAT-SAC (Ours),14
10.716666666666667,42,0.0,40.154770012507754,40.154770012507754,59.8452282188135,13.267458839235022,6.67103715234805,58,1.1,GAT-SAC (Ours),15
15.483333333333333,39,0.0,40.429178650257036,40.429178650257036,59.57081353986558,13.263601580643911,6.635265080247005,61,1.1,GAT-SAC (Ours),16
14.066666666666666,45,0.0,41.231073391291645,41.231073391291645,58.768925975712826,13.267010289390818,6.662830207401292,55,1.1,GAT-SAC (Ours),17
15.733333333333333,42,0.0,41.28136553924909,41.28136553924909,58.71862527886468,13.275952367589067,6.746218070382297,58,1.1,GAT-SAC (Ours),18
12.533333333333333,37,0.0,40.61359512599882,40.61359512599882,59.386407080053104,13.260934303951307,6.697557242413554,63,1.1,GAT-SAC (Ours),19
10.633333333333333,42,0.0,40.79379096737691,40.79379096737691,59.20621353388961,13.274119461134068,6.642486436025023,58,1.1,GAT-SAC (Ours),20
13.216666666666667,40,0.0,40.42428213957165,40.42428213957165,59.57572379283956,13.274750734640122,6.746964624649186,60,1.1,GAT-SAC (Ours),21
15.716666666666667,41,0.0,40.84796776427171,40.84796776427171,59.152044240628484,13.265554919563227,6.6413990301257515,59,1.1,GAT-SAC (Ours),22
10.85,41,0.0,41.38347557129182,41.38347557129182,58.616521212271635,13.269733270146997,6.69988815535893,59,1.1,GAT-SAC (Ours),23
10.65,38,0.0,40.236750676744265,40.236750676744265,59.76325318740589,13.258256940033325,6.640021717466757,62,1.1,GAT-SAC (Ours),24
11.116666666666667,39,0.0,41.363515605778964,41.363515605778964,58.63648599788338,13.26988590238106,6.660113781337857,61,1.1,GAT-SAC (Ours),25
15.049999999999999,44,0.0,41.086067902722355,41.086067902722355,58.91393022394045,13.265120308377437,6.736045784077371,56,1.1,GAT-SAC (Ours),26
10.5,38,0.0,41.472391786334065,41.472391786334065,58.52761563444483,13.253119238167674,6.7003242775315,62,1.1,GAT-SAC (Ours),27
10.916666666666666,42,0.0,40.08385656996008,40.08385656996008,59.916150019796,13.258740587488566,6.632428672059882,58,1.1,GAT-SAC (Ours),28
10.65,40,0.0,40.484068241143504,40.484068241143504,59.51593410892786,13.246373073279516,6.679635971590956,60,1.1,GAT-SAC (Ours),29
10.266666666666666,40,0.0,41.57285006749675,41.57285006749675,58.42716167394709,13.257900009797238,6.667924808294297,60,1.1,GAT-SAC (Ours),30
9.833333333333334,36,0.0,40.428535981686686,40.428535981686686,59.57145617175353,13.267811622196204,6.655016521185431,64,1.1,GAT-SAC (Ours),31
13.633333333333333,39,0.0,40.60205662622989,40.60205662622989,59.397949331280756,13.252857454340475,6.6304046928566365,61,1.1,GAT-SAC (Ours),32
11.266666666666666,43,0.0,40.63903804595261,40.63903804595261,59.36096166474252,13.259209757536311,6.680385220098535,57,1.1,GAT-SAC (Ours),33
9.85,37,0.0,40.47627355879351,40.47627355879351,59.52372755682358,13.260194318891497,6.644465087790875,63,1.1,GAT-SAC (Ours),34
18.15,43,0.0,40.58858991415123,40.58858991415123,59.41140713129718,13.257911773506144,6.7398377428761895,57,1.1,GAT-SAC (Ours),35
15.15,42,0.0,40.83525380874688,40.83525380874688,59.16473484978253,13.269783975636647,6.671990964965467,58,1.1,GAT-SAC (Ours),36
11.35,38,0.0,40.25064513079252,40.25064513079252,59.74934803657703,13.27550607354267,6.670728333146273,62,1.1,GAT-SAC (Ours),37
17.28333333333333,42,0.0,40.10859611676826,40.10859611676826,59.89140552641261,13.269205992561533,6.64679888937299,58,1.1,GAT-SAC (Ours),38
12.65,37,0.0,40.111220818533816,40.111220818533816,59.88877197790925,13.270647153799505,6.640339470180325,63,1.1,GAT-SAC (Ours),39
17.483333333333334,41,0.0,40.54373262625553,40.54373262625553,59.456261245832096,13.257015181505533,6.667518892181967,59,1.1,GAT-SAC (Ours),40
4.75,43,0.0,41.394988606538334,41.394988606538334,58.60500519666336,0.0,0.09456247356203491,57,1.3,No Defence,1
4.733333333333333,40,0.0,40.18935563385293,40.18935563385293,59.810649862401746,0.0,0.09159828544706836,60,1.3,No Defence,2
4.15,40,0.0,40.6948058584127,40.6948058584127,59.30518649254822,0.0,0.11412251395044493,60,1.3,No Defence,3
4.15,42,0.0,40.78724409249953,40.78724409249953,59.21275883958095,0.0,0.10524935555680554,58,1.3,No Defence,4
5.316666666666666,43,0.0,40.22328429172541,40.22328429172541,59.7767008485634,0.0,0.08377487654305084,57,1.3,No Defence,5
4.016666666666667,35,0.0,41.51919566201198,41.51919566201198,58.48080405493974,0.0,0.11873598616443011,65,1.3,No Defence,6
4.35,42,0.0,41.2322257033284,41.2322257033284,58.76777401508216,0.0,0.1129519580718704,58,1.3,No Defence,7
5.1,44,0.0,40.38059383001746,40.38059383001746,59.61940378787308,0.0,0.08476424147696228,56,1.3,No Defence,8
3.5833333333333335,39,0.0,40.03762849051396,40.03762849051396,59.9623752727251,0.0,0.12006321964363076,61,1.3,No Defence,9
4.466666666666667,42,0.0,40.54286900300545,40.54286900300545,59.457135446069096,0.0,0.09819620796713657,58,1.3,No Defence,10
4.65,39,0.0,40.27276508453152,40.27276508453152,59.72723287317193,0.0,0.09170840357308893,61,1.3,No Defence,11
4.333333333333333,42,0.0,41.16607832606881,41.16607832606881,58.833909191905306,0.0,0.11054269530835115,58,1.3,No Defence,12
3.716666666666667,38,0.0,41.13476537663111,41.13476537663111,58.86523369908275,0.0,0.11977987257559669,62,1.3,No Defence,13
4.8,39,0.0,40.911324215653686,40.911324215653686,59.08867249231978,0.0,0.09752682458196534,61,1.3,No Defence,14
4.3,37,0.0,40.409724918832005,40.409724918832005,59.59027778778242,0.0,0.10580944218589253,63,1.3,No Defence,15
5.533333333333333,40,0.0,40.342013306562485,40.342013306562485,59.657973274404206,0.0,0.08347980772148283,60,1.3,No Defence,16
4.466666666666667,41,0.0,41.062404148123555,41.062404148123555,58.937596498059385,0.0,0.10037436958339988,59,1.3,No Defence,17
5.5,41,0.0,40.91055404043187,40.91055404043187,59.08944002989198,0.0,0.08413064453454866,59,1.3,No Defence,18
4.183333333333334,38,0.0,40.26256445297579,40.26256445297579,59.73744155015945,0.0,0.10699901051735726,62,1.3,No Defence,19
3.8166666666666664,39,0.0,40.3873884937257,40.3873884937257,59.61261308171758,0.0,0.11782198131172195,61,1.3,No Defence,20
4.183333333333334,40,0.0,40.69289304078771,40.69289304078771,59.307118274737405,0.0,0.10338523635533108,60,1.3,No Defence,21
5.75,40,0.0,40.26654352749628,40.26654352749628,59.73346394479382,0.0,0.07625969353231371,60,1.3,No Defence,22
3.1333333333333333,41,0.0,40.32715427091165,40.32715427091165,59.672844098004404,0.0,0.1337221704808014,59,1.3,No Defence,23
4.583333333333333,43,0.0,40.700720930754606,40.700720930754606,59.29927949859541,0.0,0.10116702525728094,57,1.3,No Defence,24
5.733333333333333,44,0.0,41.32071241157956,41.32071241157956,58.67929186962617,0.0,0.07503498750577621,56,1.3,No Defence,25
4.2,44,0.0,40.41602623046513,40.41602623046513,59.583967128973924,0.0,0.10715521500660125,56,1.3,No Defence,26
4.033333333333333,40,0.0,40.18954828311543,40.18954828311543,59.81045646289104,0.0,0.10862503989668608,60,1.3,No Defence,27
4.316666666666666,44,0.0,40.70132035313537,40.70132035313537,59.298680255870515,0.0,0.10203746569384037,56,1.3,No Defence,28
5.233333333333333,42,0.0,40.2951502853213,40.2951502853213,59.7048499092706,0.0,0.08351375170933922,58,1.3,No Defence,29
4.716666666666667,45,0.0,40.248390887660115,40.248390887660115,59.75162004976513,0.0,0.09100730011169815,55,1.3,No Defence,30
4.1,37,0.0,40.42248993631629,40.42248993631629,59.57751154739683,0.0,0.10775073123835881,63,1.3,No Defence,31
4.083333333333333,45,0.0,41.1333896871672,41.1333896871672,58.8666191681943,0.0,0.11125458318592668,55,1.3,No Defence,32
4.883333333333333,43,0.0,41.19580673636085,41.19580673636085,58.804190107585896,0.0,0.0911508781075749,57,1.3,No Defence,33
5.466666666666667,44,0.0,40.53285432550963,40.53285432550963,59.46714056375805,0.0,0.08490698020418559,56,1.3,No Defence,34
4.833333333333333,43,0.0,40.01352741300821,40.01352741300821,59.9864704702981,0.0,0.09556109832800473,57,1.3,No Defence,35
4.8,42,0.0,40.72045630354947,40.72045630354947,59.27953175729319,0.0,0.09322708890439964,58,1.3,No Defence,36
4.016666666666667,41,0.0,40.40568871108683,40.40568871108683,59.59431600060922,0.0,0.10776524001517358,59,1.3,No Defence,37
5.25,43,0.0,40.0890639196014,40.0890639196014,59.910940301903935,0.0,0.08449891721531336,57,1.3,No Defence,38
3.1333333333333333,35,0.0,40.467893750029475,40.467893750029475,59.53209846902925,0.0,0.13285458427069635,65,1.3,No Defence,39
4.583333333333333,45,0.0,41.94590516689163,41.94590516689163,58.054091212709565,0.0,0.10835960253355859,55,1.3,No Defence,40
5.25,41,0.0,41.02990621494932,41.02990621494932,58.97008274965643,0.1895887569420231,0.1765755781236899,59,1.3,Heuristic Pruning (Graceful Drain),1
7.216666666666667,41,0.0,40.94496249039711,40.94496249039711,59.05504280323067,0.14699883698752383,0.13676371938781692,59,1.3,Heuristic Pruning (Graceful Drain),2
6.433333333333334,40,0.0,40.78878655288187,40.78878655288187,59.21120213148403,0.17203808990818764,0.15376350737077915,60,1.3,Heuristic Pruning (Graceful Drain),3
5.05,40,0.0,40.21194797259703,40.21194797259703,59.78805502464078,0.21139221065385122,0.19135090524014486,60,1.3,Heuristic Pruning (Graceful Drain),4
6.383333333333333,42,0.0,40.45176258614801,40.45176258614801,59.54822449712329,0.15403036570594358,0.1447523297508604,58,1.3,Heuristic Pruning (Graceful Drain),5
5.616666666666666,38,0.0,40.516301081202776,40.516301081202776,59.48370254181524,0.17730974540228175,0.16663900084134348,62,1.3,Heuristic Pruning (Graceful Drain),6
4.916666666666667,39,0.0,40.001076324919275,40.001076324919275,59.9989208591864,0.20493811764771175,0.18961974855652086,61,1.3,Heuristic Pruning (Graceful Drain),7
6.266666666666667,43,0.0,41.18569581170984,41.18569581170984,58.81430432211653,0.17131047516955658,0.15595111662868696,57,1.3,Heuristic Pruning (Graceful Drain),8
4.033333333333333,40,0.0,41.327737302749306,41.327737302749306,58.672264141726295,0.2483477428746402,0.23361505133978003,60,1.3,Heuristic Pruning (Graceful Drain),9
5.366666666666666,41,0.0,40.655065513582905,40.655065513582905,59.34493793005107,0.19480878544513977,0.17521791197765657,59,1.3,Heuristic Pruning (Graceful Drain),10
5.816666666666666,42,0.0,42.39172496019095,42.39172496019095,57.608265956161745,0.17178384971899557,0.16240733584055117,58,1.3,Heuristic Pruning (Graceful Drain),11
5.916666666666667,40,0.0,40.27211489345406,40.27211489345406,59.727877691219774,0.1890427263895632,0.16898713997316803,60,1.3,Heuristic Pruning (Graceful Drain),12
3.8333333333333335,37,0.0,40.200256060215644,40.200256060215644,59.79974338521268,0.270079193717224,0.24000772308139404,63,1.3,Heuristic Pruning (Graceful Drain),13
4.766666666666667,37,0.0,40.42980348561221,40.42980348561221,59.57019301498949,0.22117903156037244,0.20445557294443287,63,1.3,Heuristic Pruning (Graceful Drain),14
4.9,35,0.0,40.96409163732075,40.96409163732075,59.035908268885684,0.2273275889780055,0.2031759209583613,65,1.3,Heuristic Pruning (Graceful Drain),15
7.283333333333333,41,0.0,41.04529335544092,41.04529335544092,58.95469741226417,0.14036274088659906,0.13002290190489416,59,1.3,Heuristic Pruning (Graceful Drain),16
6.483333333333333,43,0.0,40.55103489368477,40.55103489368477,59.44896236333458,0.16984938828040913,0.15120397388727563,57,1.3,Heuristic Pruning (Graceful Drain),17
6.316666666666666,40,0.0,41.629005966405934,41.629005966405934,58.37098958984149,0.16684323295318224,0.1552294760349592,60,1.3,Heuristic Pruning (Graceful Drain),18
5.933333333333334,37,0.0,41.34298357263672,41.34298357263672,58.65702481036061,0.17260392914343176,0.15968697996521025,63,1.3,Heuristic Pruning (Graceful Drain),19
5.65,37,0.0,40.57016233606117,40.57016233606117,59.42984005523666,0.17345098428028577,0.1675972772954397,63,1.3,Heuristic Pruning (Graceful Drain),20
4.483333333333333,40,0.0,40.52037627034456,40.52037627034456,59.479638066315886,0.22704202290373504,0.2066257215056622,60,1.3,Heuristic Pruning (Graceful Drain),21
6.033333333333333,37,0.0,40.150107522663305,40.150107522663305,59.84990655304596,0.16726623059757842,0.15519600901610073,63,1.3,Heuristic Pruning (Graceful Drain),22
3.5666666666666664,40,0.0,40.060551238225756,40.060551238225756,59.93944870079915,0.29647518007301,0.26316281849083406,60,1.3,Heuristic Pruning (Graceful Drain),23
5.433333333333334,41,0.0,40.07917476079165,40.07917476079165,59.9208267488584,0.18476849772781867,0.17010857308768249,59,1.3,Heuristic Pruning (Graceful Drain),24
6.933333333333334,44,0.0,41.0075996006505,41.0075996006505,58.99240373553991,0.146771624548874,0.1351882469478249,56,1.3,Heuristic Pruning (Graceful Drain),25
4.566666666666666,42,0.0,40.04197767829375,40.04197767829375,59.95802078389214,0.22614188864920992,0.20746407793305727,58,1.3,Heuristic Pruning (Graceful Drain),26
5.683333333333334,40,0.0,40.02056262167334,40.02056262167334,59.97944370176301,0.1911562856661227,0.1729652953815733,60,1.3,Heuristic Pruning (Graceful Drain),27
5.883333333333333,44,0.0,40.54380819310532,40.54380819310532,59.45619678825058,0.18715015435383486,0.16768468857918656,56,1.3,Heuristic Pruning (Graceful Drain),28
6.333333333333333,42,0.0,40.18543760790809,40.18543760790809,59.814559024155244,0.14461990619678036,0.1385058725880074,58,1.3,Heuristic Pruning (Graceful Drain),29
6.966666666666667,44,0.0,40.601776824184874,40.601776824184874,59.39823691344305,0.14410194794522305,0.1343956667545016,56,1.3,Heuristic Pruning (Graceful Drain),30
4.55,36,0.0,40.045932562545126,40.045932562545126,59.954062415656615,0.2332773893152976,0.21142113935247794,64,1.3,Heuristic Pruning (Graceful Drain),31
5.066666666666666,44,0.0,40.26114886188658,40.26114886188658,59.73885380060583,0.22940277868202844,0.20112355499292559,56,1.3,Heuristic Pruning (Graceful Drain),32
4.883333333333333,42,0.0,40.117272247919885,40.117272247919885,59.882728804097866,0.19779995059578878,0.18246423448612212,58,1.3,Heuristic Pruning (Graceful Drain),33
6.466666666666667,42,0.0,40.21039571533763,40.21039571533763,59.78959611352103,0.15166049091325845,0.1390388190110103,58,1.3,Heuristic Pruning (Graceful Drain),34
5.75,42,0.0,40.465104812415035,40.465104812415035,59.534894099839605,0.1786637013418474,0.16473332024262421,58,1.3,Heuristic Pruning (Graceful Drain),35
6.05,43,0.0,40.37414897453234,40.37414897453234,59.625840675282426,0.1703669701320966,0.15433614532449613,57,1.3,Heuristic Pruning (Graceful Drain),36
4.716666666666667,40,0.0,41.01227552105441,41.01227552105441,58.98772059951494,0.24369936973313622,0.21462946911170308,60,1.3,Heuristic Pruning (Graceful Drain),37
7.05,43,0.0,40.89851209239624,40.89851209239624,59.10149198215796,0.1340345108209866,0.1300263311991328,57,1.3,Heuristic Pruning (Graceful Drain),38
4.316666666666666,36,0.0,40.031312641251304,40.031312641251304,59.968681090004495,0.2321033196935976,0.22044498259688952,64,1.3,Heuristic Pruning (Graceful Drain),39
6.366666666666666,41,0.0,40.476423988894794,40.476423988894794,59.52357305280268,0.1691574241310174,0.14992900402746073,59,1.3,Heuristic Pruning (Graceful Drain),40
15.866666666666667,40,0.0,40.06704318069861,40.06704318069861,59.93294681670685,13.26181610199747,6.6384017601582554,60,1.3,GAT-SAC (Ours),1
11.85,38,0.0,40.09830768028817,40.09830768028817,59.90169904439209,13.2637384415933,6.679736063429993,62,1.3,GAT-SAC (Ours),2
10.75,39,0.0,40.149493352480235,40.149493352480235,59.85049546921132,13.263292029778684,6.743979343987376,61,1.3,GAT-SAC (Ours),3
20.5,43,0.0,41.48944619345752,41.48944619345752,58.51055908428733,13.259940018282263,6.636956977435666,57,1.3,GAT-SAC (Ours),4
16.866666666666667,39,0.0,40.382090572539475,40.382090572539475,59.61789601814472,13.274046918924087,6.693037754963646,61,1.3,GAT-SAC (Ours),5
13.733333333333333,37,0.0,40.003913295354806,40.003913295354806,59.99609148816118,13.275822750908459,6.656459967072023,63,1.3,GAT-SAC (Ours),6
14.416666666666666,36,0.0,40.33382945899614,40.33382945899614,59.666167753268475,13.270521341490296,6.693059354284422,64,1.3,GAT-SAC (Ours),7
17.366666666666667,38,0.0,40.58345807200433,40.58345807200433,59.41653927823347,13.26670098370709,6.6559088851156964,62,1.3,GAT-SAC (Ours),8
13.933333333333334,40,0.0,40.920448984292605,40.920448984292605,59.07954098040323,13.267974196760612,6.683824297795807,60,1.3,GAT-SAC (Ours),9
13.75,41,0.0,40.87891449084232,40.87891449084232,59.12108985768817,13.27392771072191,6.674113577793851,59,1.3,GAT-SAC (Ours),10
18.333333333333332,41,0.0,40.94818940449822,40.94818940449822,59.05180553548347,13.273601689676365,6.637047639070547,59,1.3,GAT-SAC (Ours),11
14.466666666666667,39,0.0,40.6705797668271,40.6705797668271,59.329405402520585,13.270288811113486,6.701656712256357,61,1.3,GAT-SAC (Ours),12
14.333333333333334,42,0.0,41.31358572036195,41.31358572036195,58.68641190290229,13.265562917854634,6.637591299133446,58,1.3,GAT-SAC (Ours),13
10.283333333333333,36,0.0,40.54953682378976,40.54953682378976,59.45046154315771,13.264451531552272,6.70752486122624,64,1.3,GAT-SAC (Ours),14
13.799999999999999,41,0.0,41.32618533022352,41.32618533022352,58.67382006960627,13.267459325200399,6.67103636670407,59,1.3,GAT-SAC (Ours),15
16.816666666666666,39,0.0,40.17060289603951,40.17060289603951,59.82939337346923,13.263619250116404,6.635174184047078,61,1.3,GAT-SAC (Ours),16
16.28333333333333,42,0.0,40.992032597025045,40.992032597025045,59.007965345739464,13.267014549600054,6.662801485825609,58,1.3,GAT-SAC (Ours),17
19.216666666666665,42,0.0,40.66333403858444,40.66333403858444,59.33666182606222,13.273849522896963,6.709193652874347,58,1.3,GAT-SAC (Ours),18
14.299999999999999,36,0.0,40.69476115120156,40.69476115120156,59.305233781564006,13.260934714956585,6.6975513876417,64,1.3,GAT-SAC (Ours),19
15.15,40,0.0,40.212770299253556,40.212770299253556,59.78723341429131,13.274225657371714,6.640698322107086,60,1.3,GAT-SAC (Ours),20
16.066666666666666,42,0.0,41.26537748002913,41.26537748002913,58.734632681971576,13.27475077386745,6.746964176714234,58,1.3,GAT-SAC (Ours),21
18.1,41,0.0,40.68266518327922,40.68266518327922,59.317347516717724,13.265137059405637,6.633251211249471,59,1.3,GAT-SAC (Ours),22
12.016666666666666,40,0.0,40.33214505240327,40.33214505240327,59.66785292017464,13.269783780509274,6.698783064996188,60,1.3,GAT-SAC (Ours),23
11.6,39,0.0,41.07072019138618,41.07072019138618,58.92928194151391,13.25829140174451,6.6394950255747345,61,1.3,GAT-SAC (Ours),24
13.033333333333333,39,0.0,40.314606771316726,40.314606771316726,59.685398469222726,13.269986664774944,6.658603478202281,61,1.3,GAT-SAC (Ours),25
19.116666666666667,43,0.0,40.89374098494222,40.89374098494222,59.106253842410304,13.264881102287365,6.720442068820454,57,1.3,GAT-SAC (Ours),26
12.75,38,0.0,40.34824035034285,40.34824035034285,59.6517649306181,13.253120841482652,6.700296426463854,62,1.3,GAT-SAC (Ours),27
12.766666666666666,44,0.0,40.40849695254201,40.40849695254201,59.591506779571034,13.258740587819954,6.632428667106495,56,1.3,GAT-SAC (Ours),28
15.433333333333334,42,0.0,41.46431617694141,41.46431617694141,58.53568335903175,13.246588018223177,6.677762706891466,58,1.3,GAT-SAC (Ours),29
13.516666666666666,41,0.0,40.955854660290456,40.955854660290456,59.04415821786932,13.258007133849414,6.667379151773911,59,1.3,GAT-SAC (Ours),30
14.066666666666666,38,0.0,40.29782533537395,40.29782533537395,59.70217631953684,13.2678146220459,6.654944673135067,62,1.3,GAT-SAC (Ours),31
18.53333333333333,39,0.0,40.40002576057023,40.40002576057023,59.59998102069497,13.252857454340475,6.6304046928566365,61,1.3,GAT-SAC (Ours),32
13.75,43,0.0,40.839816133219045,40.839816133219045,59.16017944830641,13.259210399466406,6.68037851677194,57,1.3,GAT-SAC (Ours),33
14.183333333333334,37,0.0,40.230703021748134,40.230703021748134,59.76929164138095,13.260198902484992,6.644366410363137,63,1.3,GAT-SAC (Ours),34
18.45,41,0.0,40.02106296010336,40.02106296010336,59.97894068531354,13.257911844852469,6.739832977289678,59,1.3,GAT-SAC (Ours),35
17.066666666666666,40,0.0,40.9332549312924,40.9332549312924,59.06673148226725,13.270531829807366,6.655681328639955,60,1.3,GAT-SAC (Ours),36
14.266666666666666,39,0.0,40.339088874007246,40.339088874007246,59.66090754188209,13.275506183905799,6.670726513608234,61,1.3,GAT-SAC (Ours),37
20.75,41,0.0,40.73117989009432,40.73117989009432,59.26881663651522,13.269266305598284,6.645410558595685,59,1.3,GAT-SAC (Ours),38
14.933333333333334,36,0.0,40.961461757827315,40.961461757827315,59.03853142353863,13.270670061122894,6.640078271817244,64,1.3,GAT-SAC (Ours),39
19.483333333333334,42,0.0,40.94982368821225,40.94982368821225,59.05017252234308,13.257015181785228,6.667518887183618,58,1.3,GAT-SAC (Ours),40
4.75,43,0.0,41.394988606538334,41.394988606538334,58.60500519666336,0.0,0.09456247356203491,57,1.5,No Defence,1
4.75,40,0.0,40.72175442098666,40.72175442098666,59.278250112790246,0.0,0.0929943190258508,60,1.5,No Defence,2
4.15,41,0.0,41.68681970572548,41.68681970572548,58.31317231565386,0.0,0.11729478270061146,59,1.5,No Defence,3
4.616666666666666,42,0.0,40.53976504628811,40.53976504628811,59.46024748998483,0.0,0.09438348265450706,58,1.5,No Defence,4
6.1,43,0.0,40.0856441780582,40.0856441780582,59.914341509549615,0.0,0.06991809072369458,57,1.5,No Defence,5
3.8666666666666667,35,0.0,40.78304968891318,40.78304968891318,59.2169505941351,0.0,0.12387068075106134,65,1.5,No Defence,6
4.35,41,0.0,40.15586947130462,40.15586947130462,59.84412506586039,0.0,0.10761935501550701,59,1.5,No Defence,7
5.366666666666666,44,0.0,41.50426269654705,41.50426269654705,58.49573845435977,0.0,0.08289262415291769,56,1.5,No Defence,8
3.65,40,0.0,40.719023412875494,40.719023412875494,59.280970416426115,0.0,0.12179817087239204,60,1.5,No Defence,9
4.466666666666667,42,0.0,40.54286900300545,40.54286900300545,59.457135446069096,0.0,0.09822217310114369,58,1.5,No Defence,10
4.65,39,0.0,40.27276508453152,40.27276508453152,59.72723287317193,0.0,0.0915205535511685,61,1.5,No Defence,11
3.7333333333333334,38,0.0,40.32048431389877,40.32048431389877,59.67950759785402,0.0,0.1207647364318548,62,1.5,No Defence,12
3.7333333333333334,40,0.0,42.558117796779385,42.558117796779385,57.44187953599492,0.0,0.12400429317975309,60,1.5,No Defence,13
4.8,39,0.0,40.911324215653686,40.911324215653686,59.08867249231978,0.0,0.09697046574129017,61,1.5,No Defence,14
4.3,37,0.0,40.409724918832005,40.409724918832005,59.59027778778242,0.0,0.10580944218589253,63,1.5,No Defence,15
5.533333333333333,41,0.0,40.9607704072708,40.9607704072708,59.03921885750256,0.0,0.08517159737988506,59,1.5,No Defence,16
4.466666666666667,40,0.0,40.18937638919311,40.18937638919311,59.81062394049207,0.0,0.0972759248836614,60,1.5,No Defence,17
5.466666666666667,41,0.0,40.309677443314115,40.309677443314115,59.69031926242137,0.0,0.0825774131737543,59,1.5,No Defence,18
4.183333333333334,38,0.0,40.26256445297579,40.26256445297579,59.73744155015945,0.0,0.10699901051735726,62,1.5,No Defence,19
3.9,40,0.0,41.01586398911889,41.01586398911889,58.984139049236006,0.0,0.12322778926433166,60,1.5,No Defence,20
4.45,41,0.0,40.42823697052659,40.42823697052659,59.57177236752812,0.0,0.09606976884286528,59,1.5,No Defence,21
5.85,41,0.0,41.2530815492702,41.2530815492702,58.74692702358977,0.0,0.07725033123125387,59,1.5,No Defence,22
3.0666666666666664,40,0.0,40.46583344813725,40.46583344813725,59.534164280540246,0.0,0.13769081196270425,60,1.5,No Defence,23
4.583333333333333,43,0.0,40.700720930754606,40.700720930754606,59.29927949859541,0.0,0.10117002604333059,57,1.5,No Defence,24
5.4,44,0.0,40.81694479475303,40.81694479475303,59.183058111884975,0.0,0.08172757536545142,56,1.5,No Defence,25
4.233333333333333,44,0.0,40.37064673399956,40.37064673399956,59.629347743849756,0.0,0.10658171330223097,56,1.5,No Defence,26
4.15,41,0.0,41.402054832055676,41.402054832055676,58.597950901559074,0.0,0.10969601192166656,59,1.5,No Defence,27
4.016666666666667,44,0.0,40.21608650616535,40.21608650616535,59.78391816287984,0.0,0.10974706350398694,56,1.5,No Defence,28
5.233333333333333,42,0.0,40.2951502853213,40.2951502853213,59.7048499092706,0.0,0.08351375170933922,58,1.5,No Defence,29
4.716666666666667,45,0.0,40.248390887660115,40.248390887660115,59.75162004976513,0.0,0.09100730011169815,55,1.5,No Defence,30
4.383333333333333,36,0.0,40.438937752254056,40.438937752254056,59.561061962416495,0.0,0.10176168059693891,64,1.5,No Defence,31
4.566666666666666,47,0.0,40.8650422254233,40.8650422254233,59.134969218881096,0.0,0.10268845780431997,53,1.5,No Defence,32
4.883333333333333,43,0.0,41.19580673636085,41.19580673636085,58.804190107585896,0.0,0.09125500501822686,57,1.5,No Defence,33
5.466666666666667,45,0.0,41.03015674169165,41.03015674169165,58.96983730332527,0.0,0.0862715465313194,55,1.5,No Defence,34
4.216666666666667,42,0.0,40.66968743118394,40.66968743118394,59.33031424453189,0.0,0.11269775671969584,58,1.5,No Defence,35
4.8,42,0.0,40.72045630354947,40.72045630354947,59.27953175729319,0.0,0.09321628736842183,58,1.5,No Defence,36
4.016666666666667,41,0.0,40.40568871108683,40.40568871108683,59.59431600060922,0.0,0.10776524001517358,59,1.5,No Defence,37
5.8,43,0.0,40.602484066905994,40.602484066905994,59.39752317377722,0.0,0.07679379705472086,57,1.5,No Defence,38
3.1333333333333333,35,0.0,40.467893750029475,40.467893750029475,59.53209846902925,0.0,0.13285458427069635,65,1.5,No Defence,39
4.583333333333333,45,0.0,41.85253544794737,41.85253544794737,58.14745862136043,0.0,0.10924072182310218,55,1.5,No Defence,40
5.566666666666666,41,0.0,40.61390818376326,40.61390818376326,59.38608021492484,0.17990669903221682,0.1680097387732961,59,1.5,Heuristic Pruning (Graceful Drain),1
7.283333333333333,40,0.0,40.796374613882286,40.796374613882286,59.20363154090982,0.1458228651082459,0.13165790157036958,60,1.5,Heuristic Pruning (Graceful Drain),2
6.583333333333333,41,0.0,41.53211736862211,41.53211736862211,58.46787351295429,0.1650194364553273,0.1507121918563787,59,1.5,Heuristic Pruning (Graceful Drain),3
5.05,40,0.0,40.21194797259703,40.21194797259703,59.78805502464078,0.21139221065385122,0.19135090524014486,60,1.5,Heuristic Pruning (Graceful Drain),4
9.066666666666666,44,0.0,40.51463744493971,40.51463744493971,59.48534848896168,0.11323239654385175,0.10708482543852946,56,1.5,Heuristic Pruning (Graceful Drain),5
5.666666666666667,38,0.0,41.66270917992697,41.66270917992697,58.33729268819169,0.1804961602427961,0.1699466832113993,62,1.5,Heuristic Pruning (Graceful Drain),6
5.15,39,0.0,40.56995320821643,40.56995320821643,59.43004352534614,0.1909829304649311,0.1804611480354024,61,1.5,Heuristic Pruning (Graceful Drain),7
6.266666666666667,42,0.0,40.830007578426965,40.830007578426965,59.169986988222256,0.1779429425262108,0.15855637347294044,58,1.5,Heuristic Pruning (Graceful Drain),8
4.066666666666666,39,0.0,41.06576746158331,41.06576746158331,58.934234641775895,0.24647298534292592,0.23101780806458783,61,1.5,Heuristic Pruning (Graceful Drain),9
5.4,40,0.0,40.13098273036767,40.13098273036767,59.86902181925093,0.1933726151805008,0.1725108869064469,60,1.5,Heuristic Pruning (Graceful Drain),10
5.816666666666666,42,0.0,42.39172496019095,42.39172496019095,57.608265956161745,0.17565262224105152,0.16555373437715895,58,1.5,Heuristic Pruning (Graceful Drain),11
5.916666666666667,40,0.0,40.27211489345406,40.27211489345406,59.727877691219774,0.1890427263895632,0.16898713997316803,60,1.5,Heuristic Pruning (Graceful Drain),12
3.8333333333333335,37,0.0,40.200256060215644,40.200256060215644,59.79974338521268,0.2629539242451883,0.2360001132493687,63,1.5,Heuristic Pruning (Graceful Drain),13
4.8,37,0.0,40.216709415316174,40.216709415316174,59.78328490788215,0.2162427623818237,0.20050366717170123,63,1.5,Heuristic Pruning (Graceful Drain),14
5.55,36,0.0,40.21085509672156,40.21085509672156,59.78914502387017,0.1827022950667427,0.17035681604335673,64,1.5,Heuristic Pruning (Graceful Drain),15
7.45,41,0.0,40.228105573963276,40.228105573963276,59.77188691137808,0.14297948128222332,0.12915332989695794,59,1.5,Heuristic Pruning (Graceful Drain),16
6.483333333333333,43,0.0,40.59390230083581,40.59390230083581,59.40610096964113,0.17517174537199753,0.15351628457286984,57,1.5,Heuristic Pruning (Graceful Drain),17
6.583333333333333,39,0.0,40.9752220231117,40.9752220231117,59.02477263597432,0.16066394330769254,0.1485996389517778,61,1.5,Heuristic Pruning (Graceful Drain),18
5.933333333333334,37,0.0,41.34298357263672,41.34298357263672,58.65702481036061,0.17260392914343176,0.15968697996521025,63,1.5,Heuristic Pruning (Graceful Drain),19
6.266666666666667,38,0.0,40.03496501116026,40.03496501116026,59.96503704254259,0.16602029722940262,0.1550480380261366,62,1.5,Heuristic Pruning (Graceful Drain),20
4.483333333333333,40,0.0,40.52037627034456,40.52037627034456,59.479638066315886,0.22704202290373504,0.2066257215056622,60,1.5,Heuristic Pruning (Graceful Drain),21
7.333333333333333,39,0.0,40.607943976508395,40.607943976508395,59.39206207662584,0.141420139700225,0.1318369909169938,61,1.5,Heuristic Pruning (Graceful Drain),22
4.15,41,0.0,41.08396982557882,41.08396982557882,58.91602700371595,0.2657940331162532,0.24001169635329145,59,1.5,Heuristic Pruning (Graceful Drain),23
5.45,41,0.0,40.51106298432898,40.51106298432898,59.48893719572103,0.1786210617354197,0.16706529344179696,59,1.5,Heuristic Pruning (Graceful Drain),24
7.066666666666666,44,0.0,40.76612167083821,40.76612167083821,59.233884128119385,0.13584900851306866,0.1284940726729945,56,1.5,Heuristic Pruning (Graceful Drain),25
4.916666666666667,42,0.0,40.511545275341156,40.511545275341156,59.488453102963966,0.21599605481511944,0.1967725527363995,58,1.5,Heuristic Pruning (Graceful Drain),26
5.683333333333334,40,0.0,40.02056262167334,40.02056262167334,59.97944370176301,0.1911562856661227,0.1729652953815733,60,1.5,Heuristic Pruning (Graceful Drain),27
5.883333333333333,44,0.0,40.54380819310532,40.54380819310532,59.45619678825058,0.18715015435383486,0.16768468857918656,56,1.5,Heuristic Pruning (Graceful Drain),28
6.333333333333333,42,0.0,40.18543760790809,40.18543760790809,59.814559024155244,0.14461990619678036,0.1385058725880074,58,1.5,Heuristic Pruning (Graceful Drain),29
7.3,43,0.0,40.71013662706693,40.71013662706693,59.28986807228308,0.13543493447146954,0.12698738810381763,57,1.5,Heuristic Pruning (Graceful Drain),30
4.55,36,0.0,40.045932562545126,40.045932562545126,59.954062415656615,0.23319037955710537,0.2113382844658505,64,1.5,Heuristic Pruning (Graceful Drain),31
6.533333333333333,44,0.0,40.201289118809505,40.201289118809505,59.7987176918755,0.18937405713304561,0.16365637798184385,56,1.5,Heuristic Pruning (Graceful Drain),32
5.85,43,0.0,40.004384063048754,40.004384063048754,59.99561283349888,0.18353333651135556,0.16504065932153425,57,1.5,Heuristic Pruning (Graceful Drain),33
6.466666666666667,42,0.0,40.21039571533763,40.21039571533763,59.78959611352103,0.14451772517598452,0.13484411269787064,58,1.5,Heuristic Pruning (Graceful Drain),34
5.75,42,0.0,40.465104812415035,40.465104812415035,59.534894099839605,0.1786637013418474,0.16473332024262421,58,1.5,Heuristic Pruning (Graceful Drain),35
6.666666666666667,44,0.0,41.14275072745883,41.14275072745883,58.857237668671516,0.1635156476213245,0.14734692507789748,56,1.5,Heuristic Pruning (Graceful Drain),36
5.033333333333333,42,0.0,40.3663793128444,40.3663793128444,59.6336221234846,0.21444491483424258,0.19117133078311602,58,1.5,Heuristic Pruning (Graceful Drain),37
7.216666666666667,42,0.0,40.948104092775715,40.948104092775715,59.051902653617304,0.13601434020455963,0.1288878709600309,58,1.5,Heuristic Pruning (Graceful Drain),38
4.316666666666666,36,0.0,40.031312641251304,40.031312641251304,59.968681090004495,0.23020554204640967,0.21909593103015784,64,1.5,Heuristic Pruning (Graceful Drain),39
6.366666666666666,41,0.0,40.476423988894794,40.476423988894794,59.52357305280268,0.1691574241310174,0.14992900402746073,59,1.5,Heuristic Pruning (Graceful Drain),40
18.933333333333334,41,0.0,40.58813660506959,40.58813660506959,59.41185346307558,13.262107976524604,6.636762253058408,59,1.5,GAT-SAC (Ours),1
13.766666666666666,39,0.0,40.39756967988565,40.39756967988565,59.602440185511576,13.263744281225485,6.679664032546671,61,1.5,GAT-SAC (Ours),2
12.416666666666666,38,0.0,40.3287570012355,40.3287570012355,59.67123121622316,13.263267856815201,6.7428125261759435,62,1.5,GAT-SAC (Ours),3
23.05,41,0.0,40.64495520537912,40.64495520537912,59.355048300085976,13.260088693172495,6.633294922778093,59,1.5,GAT-SAC (Ours),4
17.2,38,0.0,41.342519791055494,41.342519791055494,58.657458863503024,13.27406061269045,6.69295010237187,62,1.5,GAT-SAC (Ours),5
16.0,37,0.0,40.63878917827524,40.63878917827524,59.36121554863109,13.275864468474857,6.65618574927658,63,1.5,GAT-SAC (Ours),6
21.716666666666665,38,0.0,40.590427040826846,40.590427040826846,59.40957084725241,13.270703271585463,6.689001693625069,62,1.5,GAT-SAC (Ours),7
21.583333333333332,40,0.0,41.62250937876641,41.62250937876641,58.377495037503934,13.266742101887436,6.6556565082884225,60,1.5,GAT-SAC (Ours),8
18.233333333333334,39,0.0,40.144999846246975,40.144999846246975,59.85499467995076,13.2693027390618,6.66686456256937,61,1.5,GAT-SAC (Ours),9
20.716666666666665,40,0.0,41.43598696073879,41.43598696073879,58.56400821314646,13.274025987813786,6.666307823715732,60,1.5,GAT-SAC (Ours),10
22.183333333333334,39,0.0,40.19658714909273,40.19658714909273,59.803409680775324,13.273619411430184,6.636828209336885,61,1.5,GAT-SAC (Ours),11
15.566666666666666,37,0.0,40.10588980198324,40.10588980198324,59.89409922016735,13.27029636667921,6.701630706781579,63,1.5,GAT-SAC (Ours),12
18.133333333333333,41,0.0,41.16624260102086,41.16624260102086,58.83375684440746,13.265684043821304,6.635852814024014,59,1.5,GAT-SAC (Ours),13
13.549999999999999,37,0.0,40.076835044025856,40.076835044025856,59.923162960021045,13.264466995499458,6.707284736978535,63,1.5,GAT-SAC (Ours),14
16.45,38,0.0,41.086601300673905,41.086601300673905,58.91340336220641,13.267464229151907,6.6710101194848965,62,1.5,GAT-SAC (Ours),15
18.116666666666667,37,0.0,40.26094769180947,40.26094769180947,59.73904570602614,13.263710220936364,6.633644556303199,63,1.5,GAT-SAC (Ours),16
17.75,39,0.0,40.41261353998719,40.41261353998719,59.587384139029176,13.267017104215146,6.66277722598908,61,1.5,GAT-SAC (Ours),17
22.03333333333333,40,0.0,40.67578795656185,40.67578795656185,59.324209225790625,13.273857616539205,6.709125222192045,60,1.5,GAT-SAC (Ours),18
21.85,37,0.0,40.44544995495097,40.44544995495097,59.55455176978053,13.260934714960293,6.697551387558501,63,1.5,GAT-SAC (Ours),19
17.883333333333333,41,0.0,40.91749437980866,40.91749437980866,59.08250792709043,13.274489582729984,6.638398331375144,59,1.5,GAT-SAC (Ours),20
16.166666666666668,40,0.0,40.263141591591925,40.263141591591925,59.736867416884365,13.274750776317193,6.746964165414021,60,1.5,GAT-SAC (Ours),21
21.05,41,0.0,40.075964839128474,40.075964839128474,59.92404649963733,13.265137101497714,6.633250802696426,59,1.5,GAT-SAC (Ours),22
14.25,39,0.0,40.63754044405249,40.63754044405249,59.3624583974206,13.270094534031907,6.695062439812179,61,1.5,GAT-SAC (Ours),23
16.916666666666668,40,0.0,40.421664291631636,40.421664291631636,59.57833595766837,13.25829173261808,6.639491743618624,60,1.5,GAT-SAC (Ours),24
16.066666666666666,37,0.0,40.06521156049762,40.06521156049762,59.93479270638969,13.269986672257245,6.658603417165308,63,1.5,GAT-SAC (Ours),25
22.3,44,0.0,40.25895363132781,40.25895363132781,59.74104561374526,13.267416423543185,6.687508398533734,56,1.5,GAT-SAC (Ours),26
14.033333333333333,40,0.0,40.442485078994615,40.442485078994615,59.55752339797647,13.253120841482621,6.700296426463619,60,1.5,GAT-SAC (Ours),27
19.333333333333332,45,0.0,40.061859823623095,40.061859823623095,59.938148686843874,13.258740801299679,6.632424193126125,55,1.5,GAT-SAC (Ours),28
22.266666666666666,39,0.0,40.05192268924075,40.05192268924075,59.94807612823927,13.24659237735972,6.677651571540727,61,1.5,GAT-SAC (Ours),29
21.983333333333334,41,0.0,40.88294283085837,40.88294283085837,59.11707128105406,13.257262149083646,6.647274708723145,59,1.5,GAT-SAC (Ours),30
18.516666666666666,40,0.0,40.84650418813409,40.84650418813409,59.153496468123635,13.268654895074688,6.64063468541109,60,1.5,GAT-SAC (Ours),31
24.0,37,0.0,35.78084346241552,35.78084346241552,64.21916729052344,13.252870349192408,6.629966557759535,63,1.5,GAT-SAC (Ours),32
17.083333333333332,43,0.0,40.21776845271114,40.21776845271114,59.78222660280543,13.259210399479404,6.680378516565163,57,1.5,GAT-SAC (Ours),33
18.966666666666665,38,0.0,40.526344051561544,40.526344051561544,59.47365142566648,13.260317842223332,6.6420141409384,62,1.5,GAT-SAC (Ours),34
19.766666666666666,39,0.0,40.86849394568222,40.86849394568222,59.13150684807792,13.25791243628177,6.739828095321054,61,1.5,GAT-SAC (Ours),35
18.55,39,0.0,41.22629033794312,41.22629033794312,58.773695405041146,13.270535150241756,6.655639927842424,61,1.5,GAT-SAC (Ours),36
14.65,39,0.0,41.31663307131628,41.31663307131628,58.68336790860911,13.276233842604801,6.665057990761718,61,1.5,GAT-SAC (Ours),37
24.0,38,0.0,38.78178675425089,38.78178675425089,61.2182176008464,13.26926630591613,6.6454105566009405,62,1.5,GAT-SAC (Ours),38
20.316666666666666,37,0.0,40.6172478729557,40.6172478729557,59.38274662814587,13.270670061791115,6.640078248386601,63,1.5,GAT-SAC (Ours),39
21.9,41,0.0,40.733087189490256,40.733087189490256,59.26690824627157,13.257306149619103,6.66652744140403,59,1.5,GAT-SAC (Ours),40
